parentRecordId,ordinal,university,level,intake,cycleStatus,sourceIds,officialSourceUrls,sourceCheckedDates,nameOriginal,openChoiceStatementsOriginal,specializationOptionsOriginal
pku-undergraduate-2026-01,1,Peking University,undergraduate,2026,prior_cycle_catalogue,"[""pku-undergraduate-departments"",""pku-undergraduate-2026-notice""]","[""https://www.isd.pku.edu.cn/cn/detail.php?id=529"",""https://www.isd.pku.edu.cn/en/detail.php?id=818""]","[""2026-10-07"",""2026-10-07""]",数学类,[],"[""数学"",""概率统计"",""科学与工程计算"",""信息科学"",""金融数学"",""生物统计"",""数据科学与大数据技术""]"
pku-undergraduate-2026-02,1,Peking University,undergraduate,2026,prior_cycle_catalogue,"[""pku-undergraduate-departments"",""pku-undergraduate-2026-notice""]","[""https://www.isd.pku.edu.cn/cn/detail.php?id=529"",""https://www.isd.pku.edu.cn/en/detail.php?id=818""]","[""2026-10-07"",""2026-10-07""]",物理学类,[],"[""物理学"",""大气科学"",""核物理（核工程与核技术）""]"
pku-undergraduate-2026-02,2,Peking University,undergraduate,2026,prior_cycle_catalogue,"[""pku-undergraduate-departments"",""pku-undergraduate-2026-notice""]","[""https://www.isd.pku.edu.cn/cn/detail.php?id=529"",""https://www.isd.pku.edu.cn/en/detail.php?id=818""]","[""2026-10-07"",""2026-10-07""]",天文学,[],"[""天体物理"",""天文高新技术与应用方向""]"
pku-undergraduate-2026-03,1,Peking University,undergraduate,2026,prior_cycle_catalogue,"[""pku-undergraduate-departments"",""pku-undergraduate-2026-notice""]","[""https://www.isd.pku.edu.cn/cn/detail.php?id=529"",""https://www.isd.pku.edu.cn/en/detail.php?id=818""]","[""2026-10-07"",""2026-10-07""]",化学类,[],"[""化学"",""应用化学"",""材料化学"",""化学生物学""]"
pku-undergraduate-2026-04,1,Peking University,undergraduate,2026,prior_cycle_catalogue,"[""pku-undergraduate-departments"",""pku-undergraduate-2026-notice""]","[""https://www.isd.pku.edu.cn/cn/detail.php?id=529"",""https://www.isd.pku.edu.cn/en/detail.php?id=818""]","[""2026-10-07"",""2026-10-07""]",环境科学,[],"[""环境科学"",""环境健康"",""生态学"",""地理信息科学"",""自然地理与资源环境""]"
pku-undergraduate-2026-04,2,Peking University,undergraduate,2026,prior_cycle_catalogue,"[""pku-undergraduate-departments"",""pku-undergraduate-2026-notice""]","[""https://www.isd.pku.edu.cn/cn/detail.php?id=529"",""https://www.isd.pku.edu.cn/en/detail.php?id=818""]","[""2026-10-07"",""2026-10-07""]",城乡规划,[],"[""城乡规划（5年制工科）"",""国土空间规划"",""人文地理与城乡规划""]"
pku-undergraduate-2026-05,1,Peking University,undergraduate,2026,prior_cycle_catalogue,"[""pku-undergraduate-departments"",""pku-undergraduate-2026-notice""]","[""https://www.isd.pku.edu.cn/cn/detail.php?id=529"",""https://www.isd.pku.edu.cn/en/detail.php?id=818""]","[""2026-10-07"",""2026-10-07""]",地质学类,[],"[""行星科学"",""地质学"",""地球化学""]"
pku-undergraduate-2026-05,2,Peking University,undergraduate,2026,prior_cycle_catalogue,"[""pku-undergraduate-departments"",""pku-undergraduate-2026-notice""]","[""https://www.isd.pku.edu.cn/cn/detail.php?id=529"",""https://www.isd.pku.edu.cn/en/detail.php?id=818""]","[""2026-10-07"",""2026-10-07""]",地球物理学类,[],"[""地球物理"",""遥感科学与技术"",""空间科学与技术""]"
pku-undergraduate-2026-06,1,Peking University,undergraduate,2026,prior_cycle_catalogue,"[""pku-undergraduate-departments"",""pku-undergraduate-2026-notice""]","[""https://www.isd.pku.edu.cn/cn/detail.php?id=529"",""https://www.isd.pku.edu.cn/en/detail.php?id=818""]","[""2026-10-07"",""2026-10-07""]",心理学类,[],"[""基础心理学"",""应用心理学""]"
pku-undergraduate-2026-07,1,Peking University,undergraduate,2026,prior_cycle_catalogue,"[""pku-undergraduate-departments"",""pku-undergraduate-2026-notice""]","[""https://www.isd.pku.edu.cn/cn/detail.php?id=529"",""https://www.isd.pku.edu.cn/en/detail.php?id=818""]","[""2026-10-07"",""2026-10-07""]",生物科学类,[],"[""生物科学"",""生物技术"",""生物信息学"",""生态学""]"
pku-undergraduate-2026-08,1,Peking University,undergraduate,2026,prior_cycle_catalogue,"[""pku-undergraduate-departments"",""pku-undergraduate-2026-notice""]","[""https://www.isd.pku.edu.cn/cn/detail.php?id=529"",""https://www.isd.pku.edu.cn/en/detail.php?id=818""]","[""2026-10-07"",""2026-10-07""]",“计算机类（与计算机学院和智能学院共建）”,[],"[""计算机科学与技术"",""智能科学与技术"",""软件工程""]"
pku-undergraduate-2026-08,2,Peking University,undergraduate,2026,prior_cycle_catalogue,"[""pku-undergraduate-departments"",""pku-undergraduate-2026-notice""]","[""https://www.isd.pku.edu.cn/cn/detail.php?id=529"",""https://www.isd.pku.edu.cn/en/detail.php?id=818""]","[""2026-10-07"",""2026-10-07""]",“电子信息类（与电子学院和集成电路学院共建）”,[],"[""电子信息科学与技术"",""电子信息工程"",""微电子科学与工程"",""集成电路设计与集成系统""]"
pku-undergraduate-2026-09,1,Peking University,undergraduate,2026,prior_cycle_catalogue,"[""pku-undergraduate-departments"",""pku-undergraduate-2026-notice""]","[""https://www.isd.pku.edu.cn/cn/detail.php?id=529"",""https://www.isd.pku.edu.cn/en/detail.php?id=818""]","[""2026-10-07"",""2026-10-07""]",工科试验班类,[],"[""理论与应用力学"",""环境科学"",""工程力学（工程结构分析）"",""能源与环境系统工程"",""环境工程"",""航空航天工程"",""生物医学工程"",""材料科学与工程"",""机器人工程""]"
pku-undergraduate-2026-10,1,Peking University,undergraduate,2026,prior_cycle_catalogue,"[""pku-undergraduate-departments"",""pku-undergraduate-2026-notice""]","[""https://www.isd.pku.edu.cn/cn/detail.php?id=529"",""https://www.isd.pku.edu.cn/en/detail.php?id=818""]","[""2026-10-07"",""2026-10-07""]",经济学类/理科试验班类（经济）,[],"[""经济学"",""国际经济与贸易"",""金融学"",""保险学"",""财政学""]"
pku-undergraduate-2026-11,1,Peking University,undergraduate,2026,prior_cycle_catalogue,"[""pku-undergraduate-departments"",""pku-undergraduate-2026-notice""]","[""https://www.isd.pku.edu.cn/cn/detail.php?id=529"",""https://www.isd.pku.edu.cn/en/detail.php?id=818""]","[""2026-10-07"",""2026-10-07""]",工商管理类/理科试验班类（光华）,[],"[""工商管理（未来领导者方向）"",""工商管理（数字经济管理方向）"",""金融学（金融学方向、金融经济学方向）"",""会计学"",""市场营销（市场营销学方向、数据科学方向）""]"
pku-undergraduate-2026-12,1,Peking University,undergraduate,2026,prior_cycle_catalogue,"[""pku-undergraduate-departments"",""pku-undergraduate-2026-notice""]","[""https://www.isd.pku.edu.cn/cn/detail.php?id=529"",""https://www.isd.pku.edu.cn/en/detail.php?id=818""]","[""2026-10-07"",""2026-10-07""]",法学/理科试验班类（法学院）,[],"[""法学""]"
pku-undergraduate-2026-13,1,Peking University,undergraduate,2026,prior_cycle_catalogue,"[""pku-undergraduate-departments"",""pku-undergraduate-2026-notice""]","[""https://www.isd.pku.edu.cn/cn/detail.php?id=529"",""https://www.isd.pku.edu.cn/en/detail.php?id=818""]","[""2026-10-07"",""2026-10-07""]",公共管理类,[],"[""政治学与行政学"",""政治学与行政学（数字治理方向）"",""行政管理"",""城市管理""]"
pku-undergraduate-2026-14,1,Peking University,undergraduate,2026,prior_cycle_catalogue,"[""pku-undergraduate-departments"",""pku-undergraduate-2026-notice""]","[""https://www.isd.pku.edu.cn/cn/detail.php?id=529"",""https://www.isd.pku.edu.cn/en/detail.php?id=818""]","[""2026-10-07"",""2026-10-07""]",新闻传播学类,[],"[""新闻学（全球新闻传播）"",""广播电视学（视听传播）"",""广告学（创意传播管理）""]"
pku-undergraduate-2026-15,1,Peking University,undergraduate,2026,prior_cycle_catalogue,"[""pku-undergraduate-departments"",""pku-undergraduate-2026-notice""]","[""https://www.isd.pku.edu.cn/cn/detail.php?id=529"",""https://www.isd.pku.edu.cn/en/detail.php?id=818""]","[""2026-10-07"",""2026-10-07""]",国际政治/文科试验班类（国关）,[],"[""国际政治"",""外交学"",""国际政治（国际政治经济学专业方向）"",""国际政治（国际组织与国际公共政策专业方向）""]"
pku-undergraduate-2026-16,1,Peking University,undergraduate,2026,prior_cycle_catalogue,"[""pku-undergraduate-departments"",""pku-undergraduate-2026-notice""]","[""https://www.isd.pku.edu.cn/cn/detail.php?id=529"",""https://www.isd.pku.edu.cn/en/detail.php?id=818""]","[""2026-10-07"",""2026-10-07""]",社会学类,[],"[""社会学"",""社会工作"",""人类学""]"
pku-undergraduate-2026-17,1,Peking University,undergraduate,2026,prior_cycle_catalogue,"[""pku-undergraduate-departments"",""pku-undergraduate-2026-notice""]","[""https://www.isd.pku.edu.cn/cn/detail.php?id=529"",""https://www.isd.pku.edu.cn/en/detail.php?id=818""]","[""2026-10-07"",""2026-10-07""]",信息管理与信息系统/图书馆学,[],"[""信息管理与信息系统"",""图书馆学"",""大数据管理与应用""]"
pku-undergraduate-2026-18,1,Peking University,undergraduate,2026,prior_cycle_catalogue,"[""pku-undergraduate-departments"",""pku-undergraduate-2026-notice""]","[""https://www.isd.pku.edu.cn/cn/detail.php?id=529"",""https://www.isd.pku.edu.cn/en/detail.php?id=818""]","[""2026-10-07"",""2026-10-07""]",中国语言文学类,[],"[""汉语言文学"",""汉语言"",""古典文献学"",""应用语言学""]"
pku-undergraduate-2026-19,1,Peking University,undergraduate,2026,prior_cycle_catalogue,"[""pku-undergraduate-departments"",""pku-undergraduate-2026-notice""]","[""https://www.isd.pku.edu.cn/cn/detail.php?id=529"",""https://www.isd.pku.edu.cn/en/detail.php?id=818""]","[""2026-10-07"",""2026-10-07""]",历史学类,[],"[""历史学（中国史）"",""世界史"",""外国语言与外国历史""]"
pku-undergraduate-2026-20,1,Peking University,undergraduate,2026,prior_cycle_catalogue,"[""pku-undergraduate-departments"",""pku-undergraduate-2026-notice""]","[""https://www.isd.pku.edu.cn/cn/detail.php?id=529"",""https://www.isd.pku.edu.cn/en/detail.php?id=818""]","[""2026-10-07"",""2026-10-07""]",考古学,[],"[""考古学"",""文物与博物馆学"",""外国语言与外国历史（考古学方向）"",""文物保护技术（文保）""]"
pku-undergraduate-2026-21,1,Peking University,undergraduate,2026,prior_cycle_catalogue,"[""pku-undergraduate-departments"",""pku-undergraduate-2026-notice""]","[""https://www.isd.pku.edu.cn/cn/detail.php?id=529"",""https://www.isd.pku.edu.cn/en/detail.php?id=818""]","[""2026-10-07"",""2026-10-07""]",哲学类,[],"[""哲学"",""哲学（逻辑学与科学技术哲学方向）"",""宗教学""]"
pku-undergraduate-2026-22,1,Peking University,undergraduate,2026,prior_cycle_catalogue,"[""pku-undergraduate-departments"",""pku-undergraduate-2026-notice""]","[""https://www.isd.pku.edu.cn/cn/detail.php?id=529"",""https://www.isd.pku.edu.cn/en/detail.php?id=818""]","[""2026-10-07"",""2026-10-07""]",人文科学试验班,[],"[""艺术史论"",""戏剧影视文学"",""文化产业管理"",""计算艺术与设计""]"
pku-undergraduate-2026-23,1,Peking University,undergraduate,2026,prior_cycle_catalogue,"[""pku-undergraduate-departments"",""pku-undergraduate-2026-notice""]","[""https://www.isd.pku.edu.cn/cn/detail.php?id=529"",""https://www.isd.pku.edu.cn/en/detail.php?id=818""]","[""2026-10-07"",""2026-10-07""]",理科试验班类（元培）/文科试验班类（元培）,"[""全校教学资源范围内自由选择专业""]","[""政治学、经济学与哲学"",""数据科学与大数据技术"",""整合科学"",""古生物学"",""外国语言与外国历史"",""通用人工智能实验班""]"
