parentRecordId,ordinal,university,level,intake,cycleStatus,sourceIds,officialSourceUrls,sourceCheckedDates,department,duration,nameEnglish,nameOriginal
thu-undergraduate-division-01,1,Tsinghua University,undergraduate,null,undated_live_catalogue,"[""thu-undergraduate-divisions""]","[""https://international.join-tsinghua.edu.cn/Divisions1.htm""]","[""2026-10-07""]",School of Architecture,,Architecture,
thu-undergraduate-division-01,2,Tsinghua University,undergraduate,null,undated_live_catalogue,"[""thu-undergraduate-divisions""]","[""https://international.join-tsinghua.edu.cn/Divisions1.htm""]","[""2026-10-07""]",School of Architecture,,Urban and Rural Planning,
thu-undergraduate-division-01,3,Tsinghua University,undergraduate,null,undated_live_catalogue,"[""thu-undergraduate-divisions""]","[""https://international.join-tsinghua.edu.cn/Divisions1.htm""]","[""2026-10-07""]",School of Architecture,,Landscape Architecture,
thu-undergraduate-division-02,1,Tsinghua University,undergraduate,null,undated_live_catalogue,"[""thu-undergraduate-divisions""]","[""https://international.join-tsinghua.edu.cn/Divisions1.htm""]","[""2026-10-07""]",Department of Mechanical Engineering,,Mechanical Engineering,
thu-undergraduate-division-02,2,Tsinghua University,undergraduate,null,undated_live_catalogue,"[""thu-undergraduate-divisions""]","[""https://international.join-tsinghua.edu.cn/Divisions1.htm""]","[""2026-10-07""]",School of Vehicle and Mobility,,Vehicle Engineering,
thu-undergraduate-division-03,1,Tsinghua University,undergraduate,null,undated_live_catalogue,"[""thu-undergraduate-divisions""]","[""https://international.join-tsinghua.edu.cn/Divisions1.htm""]","[""2026-10-07""]",Department of Electronic Engineering,,Electronic Information Science and Technology,
thu-undergraduate-division-04,1,Tsinghua University,undergraduate,null,undated_live_catalogue,"[""thu-undergraduate-divisions""]","[""https://international.join-tsinghua.edu.cn/Divisions1.htm""]","[""2026-10-07""]",Department of Computer Science and Technology,,Computer Science and Technology,
thu-undergraduate-division-05,1,Tsinghua University,undergraduate,null,undated_live_catalogue,"[""thu-undergraduate-divisions""]","[""https://international.join-tsinghua.edu.cn/Divisions1.htm""]","[""2026-10-07""]",Department of Automation,,Automation,
thu-undergraduate-division-05,2,Tsinghua University,undergraduate,null,undated_live_catalogue,"[""thu-undergraduate-divisions""]","[""https://international.join-tsinghua.edu.cn/Divisions1.htm""]","[""2026-10-07""]",School of Economics and Management,,Information Management and Information Systems,
thu-undergraduate-division-06,1,Tsinghua University,undergraduate,null,undated_live_catalogue,"[""thu-undergraduate-divisions""]","[""https://international.join-tsinghua.edu.cn/Divisions1.htm""]","[""2026-10-07""]",Department of Mathematical Sciences,,Pure and Applied Mathematics,
thu-undergraduate-division-06,2,Tsinghua University,undergraduate,null,undated_live_catalogue,"[""thu-undergraduate-divisions""]","[""https://international.join-tsinghua.edu.cn/Divisions1.htm""]","[""2026-10-07""]",Department of Physics,,Physics/Fundamental Sciences (Mathematics and Physics),
thu-undergraduate-division-06,3,Tsinghua University,undergraduate,null,undated_live_catalogue,"[""thu-undergraduate-divisions""]","[""https://international.join-tsinghua.edu.cn/Divisions1.htm""]","[""2026-10-07""]",Department of Statistics and Data Science,,Statistics,
thu-undergraduate-division-07,1,Tsinghua University,undergraduate,null,undated_live_catalogue,"[""thu-undergraduate-divisions""]","[""https://international.join-tsinghua.edu.cn/Divisions1.htm""]","[""2026-10-07""]",Department of Chemistry,,Chemistry/Chemical Biology,
thu-undergraduate-division-07,2,Tsinghua University,undergraduate,null,undated_live_catalogue,"[""thu-undergraduate-divisions""]","[""https://international.join-tsinghua.edu.cn/Divisions1.htm""]","[""2026-10-07""]",School of Life Sciences,,Biological Science,
thu-undergraduate-division-07,3,Tsinghua University,undergraduate,null,undated_live_catalogue,"[""thu-undergraduate-divisions""]","[""https://international.join-tsinghua.edu.cn/Divisions1.htm""]","[""2026-10-07""]",Department of Chemical Engineering,,Polymer Materials and Engineering,
thu-undergraduate-division-07,4,Tsinghua University,undergraduate,null,undated_live_catalogue,"[""thu-undergraduate-divisions""]","[""https://international.join-tsinghua.edu.cn/Divisions1.htm""]","[""2026-10-07""]",Department of Chemical Engineering,,Chemical Engineering and Industrial Biological Engineering,
thu-undergraduate-division-08,1,Tsinghua University,undergraduate,null,undated_live_catalogue,"[""thu-undergraduate-divisions""]","[""https://international.join-tsinghua.edu.cn/Divisions1.htm""]","[""2026-10-07""]",School of Economics and Management,,Economics and Finance (International Program),
thu-undergraduate-division-08,2,Tsinghua University,undergraduate,null,undated_live_catalogue,"[""thu-undergraduate-divisions""]","[""https://international.join-tsinghua.edu.cn/Divisions1.htm""]","[""2026-10-07""]",School of Economics and Management,,Information Management and Information Systems,
thu-undergraduate-division-09,1,Tsinghua University,undergraduate,null,undated_live_catalogue,"[""thu-undergraduate-divisions""]","[""https://international.join-tsinghua.edu.cn/Divisions1.htm""]","[""2026-10-07""]",School of Law,,Law,
thu-undergraduate-division-10,1,Tsinghua University,undergraduate,null,undated_live_catalogue,"[""thu-undergraduate-divisions""]","[""https://international.join-tsinghua.edu.cn/Divisions1.htm""]","[""2026-10-07""]",Academy of Arts and Design,,Design,
thu-undergraduate-division-10,2,Tsinghua University,undergraduate,null,undated_live_catalogue,"[""thu-undergraduate-divisions""]","[""https://international.join-tsinghua.edu.cn/Divisions1.htm""]","[""2026-10-07""]",Academy of Arts and Design,,Fine Arts,
thu-undergraduate-division-10,3,Tsinghua University,undergraduate,null,undated_live_catalogue,"[""thu-undergraduate-divisions""]","[""https://international.join-tsinghua.edu.cn/Divisions1.htm""]","[""2026-10-07""]",Academy of Arts and Design,,Art History,
thu-undergraduate-division-11,1,Tsinghua University,undergraduate,null,undated_live_catalogue,"[""thu-undergraduate-divisions""]","[""https://international.join-tsinghua.edu.cn/Divisions1.htm""]","[""2026-10-07""]",School of Medicine,,Clinical Medicine (Outstanding Physician-Scientist Program),
thu-undergraduate-college-01,1,Tsinghua University,undergraduate,null,undated_live_catalogue,"[""thu-undergraduate-divisions""]","[""https://international.join-tsinghua.edu.cn/Divisions1.htm""]","[""2026-10-07""]",null,,"Mind, Brain & Machine",
thu-undergraduate-college-01,2,Tsinghua University,undergraduate,null,undated_live_catalogue,"[""thu-undergraduate-divisions""]","[""https://international.join-tsinghua.edu.cn/Divisions1.htm""]","[""2026-10-07""]",null,,"Philosophy, Politics and Economics",
thu-undergraduate-college-01,3,Tsinghua University,undergraduate,null,undated_live_catalogue,"[""thu-undergraduate-divisions""]","[""https://international.join-tsinghua.edu.cn/Divisions1.htm""]","[""2026-10-07""]",null,,Creative Design and Intelligent Engineering,
thu-undergraduate-college-02,1,Tsinghua University,undergraduate,null,undated_live_catalogue,"[""thu-undergraduate-divisions""]","[""https://international.join-tsinghua.edu.cn/Divisions1.htm""]","[""2026-10-07""]",null,,Chinese Language and Literature,
thu-undergraduate-college-02,2,Tsinghua University,undergraduate,null,undated_live_catalogue,"[""thu-undergraduate-divisions""]","[""https://international.join-tsinghua.edu.cn/Divisions1.htm""]","[""2026-10-07""]",null,,History,
thu-undergraduate-college-02,3,Tsinghua University,undergraduate,null,undated_live_catalogue,"[""thu-undergraduate-divisions""]","[""https://international.join-tsinghua.edu.cn/Divisions1.htm""]","[""2026-10-07""]",null,,Philosophy,
thu-undergraduate-college-02,4,Tsinghua University,undergraduate,null,undated_live_catalogue,"[""thu-undergraduate-divisions""]","[""https://international.join-tsinghua.edu.cn/Divisions1.htm""]","[""2026-10-07""]",null,,English Language,
thu-undergraduate-college-02,5,Tsinghua University,undergraduate,null,undated_live_catalogue,"[""thu-undergraduate-divisions""]","[""https://international.join-tsinghua.edu.cn/Divisions1.htm""]","[""2026-10-07""]",null,,Japanese Language,
thu-undergraduate-college-03,1,Tsinghua University,undergraduate,null,undated_live_catalogue,"[""thu-undergraduate-divisions""]","[""https://international.join-tsinghua.edu.cn/Divisions1.htm""]","[""2026-10-07""]",null,,Pharmacy,
thu-undergraduate-college-04,1,Tsinghua University,undergraduate,null,undated_live_catalogue,"[""thu-undergraduate-divisions""]","[""https://international.join-tsinghua.edu.cn/Divisions1.htm""]","[""2026-10-07""]",null,,Materials Science and Engineering,
thu-undergraduate-college-04,2,Tsinghua University,undergraduate,null,undated_live_catalogue,"[""thu-undergraduate-divisions""]","[""https://international.join-tsinghua.edu.cn/Divisions1.htm""]","[""2026-10-07""]",null,,"Measurement, Control Technology and Instruments",
thu-undergraduate-college-04,3,Tsinghua University,undergraduate,null,undated_live_catalogue,"[""thu-undergraduate-divisions""]","[""https://international.join-tsinghua.edu.cn/Divisions1.htm""]","[""2026-10-07""]",null,,Biomedical Engineering,
thu-undergraduate-college-04,4,Tsinghua University,undergraduate,null,undated_live_catalogue,"[""thu-undergraduate-divisions""]","[""https://international.join-tsinghua.edu.cn/Divisions1.htm""]","[""2026-10-07""]",null,,"Interdisciplinary Engineering (Information Technology, Smart Engineering, Low-Carbon Energy, Life Sciences and Health)",
thu-undergraduate-college-05,1,Tsinghua University,undergraduate,null,undated_live_catalogue,"[""thu-undergraduate-divisions""]","[""https://international.join-tsinghua.edu.cn/Divisions1.htm""]","[""2026-10-07""]",null,,"Interdisciplinary Engineering (Data Technology, Intelligent Control Technology, Sustainable Engineering, Global Governance)",
thu-undergraduate-college-05,2,Tsinghua University,undergraduate,null,undated_live_catalogue,"[""thu-undergraduate-divisions""]","[""https://international.join-tsinghua.edu.cn/Divisions1.htm""]","[""2026-10-07""]",null,,Automation,
thu-undergraduate-college-05,3,Tsinghua University,undergraduate,null,undated_live_catalogue,"[""thu-undergraduate-divisions""]","[""https://international.join-tsinghua.edu.cn/Divisions1.htm""]","[""2026-10-07""]",null,,Statistics,
thu-undergraduate-college-06,1,Tsinghua University,undergraduate,null,undated_live_catalogue,"[""thu-undergraduate-divisions""]","[""https://international.join-tsinghua.edu.cn/Divisions1.htm""]","[""2026-10-07""]",null,,Software Engineering,
thu-undergraduate-college-06,2,Tsinghua University,undergraduate,null,undated_live_catalogue,"[""thu-undergraduate-divisions""]","[""https://international.join-tsinghua.edu.cn/Divisions1.htm""]","[""2026-10-07""]",null,,Industrial Engineering,
thu-undergraduate-college-06,3,Tsinghua University,undergraduate,null,undated_live_catalogue,"[""thu-undergraduate-divisions""]","[""https://international.join-tsinghua.edu.cn/Divisions1.htm""]","[""2026-10-07""]",null,,Aerospace Engineering,
thu-undergraduate-college-06,4,Tsinghua University,undergraduate,null,undated_live_catalogue,"[""thu-undergraduate-divisions""]","[""https://international.join-tsinghua.edu.cn/Divisions1.htm""]","[""2026-10-07""]",null,,Energy and Power Engineering,
thu-undergraduate-college-06,5,Tsinghua University,undergraduate,null,undated_live_catalogue,"[""thu-undergraduate-divisions""]","[""https://international.join-tsinghua.edu.cn/Divisions1.htm""]","[""2026-10-07""]",null,,Engineering Mechanics,
thu-undergraduate-college-06,6,Tsinghua University,undergraduate,null,undated_live_catalogue,"[""thu-undergraduate-divisions""]","[""https://international.join-tsinghua.edu.cn/Divisions1.htm""]","[""2026-10-07""]",null,,Interdisciplinary Engineering,
thu-undergraduate-college-07,1,Tsinghua University,undergraduate,null,undated_live_catalogue,"[""thu-undergraduate-divisions""]","[""https://international.join-tsinghua.edu.cn/Divisions1.htm""]","[""2026-10-07""]",null,,Sociology,
thu-undergraduate-college-07,2,Tsinghua University,undergraduate,null,undated_live_catalogue,"[""thu-undergraduate-divisions""]","[""https://international.join-tsinghua.edu.cn/Divisions1.htm""]","[""2026-10-07""]",null,,Economics,
thu-undergraduate-college-07,3,Tsinghua University,undergraduate,null,undated_live_catalogue,"[""thu-undergraduate-divisions""]","[""https://international.join-tsinghua.edu.cn/Divisions1.htm""]","[""2026-10-07""]",null,,International Politics,
thu-undergraduate-college-07,4,Tsinghua University,undergraduate,null,undated_live_catalogue,"[""thu-undergraduate-divisions""]","[""https://international.join-tsinghua.edu.cn/Divisions1.htm""]","[""2026-10-07""]",null,,Politics and Public Administration,
thu-undergraduate-college-07,5,Tsinghua University,undergraduate,null,undated_live_catalogue,"[""thu-undergraduate-divisions""]","[""https://international.join-tsinghua.edu.cn/Divisions1.htm""]","[""2026-10-07""]",null,,Statistics,
thu-undergraduate-college-08,1,Tsinghua University,undergraduate,null,undated_live_catalogue,"[""thu-undergraduate-divisions""]","[""https://international.join-tsinghua.edu.cn/Divisions1.htm""]","[""2026-10-07""]",null,,Artificial Intelligence,
thu-undergraduate-college-09,1,Tsinghua University,undergraduate,null,undated_live_catalogue,"[""thu-undergraduate-divisions""]","[""https://international.join-tsinghua.edu.cn/Divisions1.htm""]","[""2026-10-07""]",null,,"Interdisciplinary Engineering (Smart Grid, Intelligent Power Engineering, Energy Materials, Power Semiconductor Devices and Technology, Energy Storage and Hydrogen Energy, Carbon Neutrality and New Energy)",
thu-undergraduate-college-09,2,Tsinghua University,undergraduate,null,undated_live_catalogue,"[""thu-undergraduate-divisions""]","[""https://international.join-tsinghua.edu.cn/Divisions1.htm""]","[""2026-10-07""]",null,,Electrical Engineering and Automation,
thu-undergraduate-college-09,3,Tsinghua University,undergraduate,null,undated_live_catalogue,"[""thu-undergraduate-divisions""]","[""https://international.join-tsinghua.edu.cn/Divisions1.htm""]","[""2026-10-07""]",null,,Energy and Power Engineering,
thu-undergraduate-college-09,4,Tsinghua University,undergraduate,null,undated_live_catalogue,"[""thu-undergraduate-divisions""]","[""https://international.join-tsinghua.edu.cn/Divisions1.htm""]","[""2026-10-07""]",null,,Vehicle Engineering,
thu-undergraduate-college-09,5,Tsinghua University,undergraduate,null,undated_live_catalogue,"[""thu-undergraduate-divisions""]","[""https://international.join-tsinghua.edu.cn/Divisions1.htm""]","[""2026-10-07""]",null,,Building Environment and Energy Engineering,
thu-undergraduate-college-10,1,Tsinghua University,undergraduate,null,undated_live_catalogue,"[""thu-undergraduate-divisions""]","[""https://international.join-tsinghua.edu.cn/Divisions1.htm""]","[""2026-10-07""]",null,,Interdisciplinary Engineering,
thu-undergraduate-college-10,2,Tsinghua University,undergraduate,null,undated_live_catalogue,"[""thu-undergraduate-divisions""]","[""https://international.join-tsinghua.edu.cn/Divisions1.htm""]","[""2026-10-07""]",null,,Electronic Information Science and Technology,
thu-undergraduate-college-10,3,Tsinghua University,undergraduate,null,undated_live_catalogue,"[""thu-undergraduate-divisions""]","[""https://international.join-tsinghua.edu.cn/Divisions1.htm""]","[""2026-10-07""]",null,,Software Engineering,
thu-undergraduate-college-10,4,Tsinghua University,undergraduate,null,undated_live_catalogue,"[""thu-undergraduate-divisions""]","[""https://international.join-tsinghua.edu.cn/Divisions1.htm""]","[""2026-10-07""]",null,,Industrial Engineering,
thu-undergraduate-college-10,5,Tsinghua University,undergraduate,null,undated_live_catalogue,"[""thu-undergraduate-divisions""]","[""https://international.join-tsinghua.edu.cn/Divisions1.htm""]","[""2026-10-07""]",null,,Civil Engineering and Systems,
thu-undergraduate-college-10,6,Tsinghua University,undergraduate,null,undated_live_catalogue,"[""thu-undergraduate-divisions""]","[""https://international.join-tsinghua.edu.cn/Divisions1.htm""]","[""2026-10-07""]",null,,Engineering Management,
thu-undergraduate-college-10,7,Tsinghua University,undergraduate,null,undated_live_catalogue,"[""thu-undergraduate-divisions""]","[""https://international.join-tsinghua.edu.cn/Divisions1.htm""]","[""2026-10-07""]",null,,Transportation Engineering,
thu-undergraduate-gtes,1,Tsinghua University,undergraduate,2027,current_notice_and_live_catalogue,"[""thu-undergraduate-divisions"",""thu-undergraduate-gtes-2027""]","[""https://international.join-tsinghua.edu.cn/Divisions1.htm"",""https://international.join-tsinghua.edu.cn/info/1082/1185.htm""]","[""2026-10-07"",""2026-10-07""]",,,Interdisciplinary Engineering,
thu-undergraduate-gtes,2,Tsinghua University,undergraduate,2027,current_notice_and_live_catalogue,"[""thu-undergraduate-divisions"",""thu-undergraduate-gtes-2027""]","[""https://international.join-tsinghua.edu.cn/Divisions1.htm"",""https://international.join-tsinghua.edu.cn/info/1082/1185.htm""]","[""2026-10-07"",""2026-10-07""]",,,Electrical Engineering and Automation,
thu-undergraduate-gtes,3,Tsinghua University,undergraduate,2027,current_notice_and_live_catalogue,"[""thu-undergraduate-divisions"",""thu-undergraduate-gtes-2027""]","[""https://international.join-tsinghua.edu.cn/Divisions1.htm"",""https://international.join-tsinghua.edu.cn/info/1082/1185.htm""]","[""2026-10-07"",""2026-10-07""]",,,Electronic Information Science and Technology,
thu-undergraduate-gtes,4,Tsinghua University,undergraduate,2027,current_notice_and_live_catalogue,"[""thu-undergraduate-divisions"",""thu-undergraduate-gtes-2027""]","[""https://international.join-tsinghua.edu.cn/Divisions1.htm"",""https://international.join-tsinghua.edu.cn/info/1082/1185.htm""]","[""2026-10-07"",""2026-10-07""]",,,Mechanical Engineering,
thu-undergraduate-gtes,5,Tsinghua University,undergraduate,2027,current_notice_and_live_catalogue,"[""thu-undergraduate-divisions"",""thu-undergraduate-gtes-2027""]","[""https://international.join-tsinghua.edu.cn/Divisions1.htm"",""https://international.join-tsinghua.edu.cn/info/1082/1185.htm""]","[""2026-10-07"",""2026-10-07""]",,,"Measurement, Control Technology and Instruments",
thu-undergraduate-gtes,6,Tsinghua University,undergraduate,2027,current_notice_and_live_catalogue,"[""thu-undergraduate-divisions"",""thu-undergraduate-gtes-2027""]","[""https://international.join-tsinghua.edu.cn/Divisions1.htm"",""https://international.join-tsinghua.edu.cn/info/1082/1185.htm""]","[""2026-10-07"",""2026-10-07""]",,,Vehicle Engineering,
thu-undergraduate-gtes,7,Tsinghua University,undergraduate,2027,current_notice_and_live_catalogue,"[""thu-undergraduate-divisions"",""thu-undergraduate-gtes-2027""]","[""https://international.join-tsinghua.edu.cn/Divisions1.htm"",""https://international.join-tsinghua.edu.cn/info/1082/1185.htm""]","[""2026-10-07"",""2026-10-07""]",,,Civil Engineering and Systems,
thu-undergraduate-gtes,8,Tsinghua University,undergraduate,2027,current_notice_and_live_catalogue,"[""thu-undergraduate-divisions"",""thu-undergraduate-gtes-2027""]","[""https://international.join-tsinghua.edu.cn/Divisions1.htm"",""https://international.join-tsinghua.edu.cn/info/1082/1185.htm""]","[""2026-10-07"",""2026-10-07""]",,,Traffic Engineering,
thu-undergraduate-urd,1,Tsinghua University,undergraduate,2027,current_notice_and_live_catalogue,"[""thu-undergraduate-divisions"",""thu-undergraduate-urd-2027""]","[""https://international.join-tsinghua.edu.cn/Divisions1.htm"",""https://international.join-tsinghua.edu.cn/info/1082/1184.htm""]","[""2026-10-07"",""2026-10-07""]",,,Architecture,
thu-undergraduate-urd,2,Tsinghua University,undergraduate,2027,current_notice_and_live_catalogue,"[""thu-undergraduate-divisions"",""thu-undergraduate-urd-2027""]","[""https://international.join-tsinghua.edu.cn/Divisions1.htm"",""https://international.join-tsinghua.edu.cn/info/1082/1184.htm""]","[""2026-10-07"",""2026-10-07""]",,,Urban Planning,
thu-undergraduate-urd,3,Tsinghua University,undergraduate,2027,current_notice_and_live_catalogue,"[""thu-undergraduate-divisions"",""thu-undergraduate-urd-2027""]","[""https://international.join-tsinghua.edu.cn/Divisions1.htm"",""https://international.join-tsinghua.edu.cn/info/1082/1184.htm""]","[""2026-10-07"",""2026-10-07""]",,,Landscape Architecture,
thu-undergraduate-pes,1,Tsinghua University,undergraduate,2027,current_notice_and_live_catalogue,"[""thu-undergraduate-divisions"",""thu-undergraduate-pes-2027""]","[""https://international.join-tsinghua.edu.cn/Divisions1.htm"",""https://international.join-tsinghua.edu.cn/info/1082/1183.htm""]","[""2026-10-07"",""2026-10-07""]",,,Politics,
thu-undergraduate-pes,2,Tsinghua University,undergraduate,2027,current_notice_and_live_catalogue,"[""thu-undergraduate-divisions"",""thu-undergraduate-pes-2027""]","[""https://international.join-tsinghua.edu.cn/Divisions1.htm"",""https://international.join-tsinghua.edu.cn/info/1082/1183.htm""]","[""2026-10-07"",""2026-10-07""]",,,Economics,
thu-undergraduate-pes,3,Tsinghua University,undergraduate,2027,current_notice_and_live_catalogue,"[""thu-undergraduate-divisions"",""thu-undergraduate-pes-2027""]","[""https://international.join-tsinghua.edu.cn/Divisions1.htm"",""https://international.join-tsinghua.edu.cn/info/1082/1183.htm""]","[""2026-10-07"",""2026-10-07""]",,,Sociology,
thu-undergraduate-pes,4,Tsinghua University,undergraduate,2027,current_notice_and_live_catalogue,"[""thu-undergraduate-divisions"",""thu-undergraduate-pes-2027""]","[""https://international.join-tsinghua.edu.cn/Divisions1.htm"",""https://international.join-tsinghua.edu.cn/info/1082/1183.htm""]","[""2026-10-07"",""2026-10-07""]",,,International Relations,
sjtu-ug-cn-001,1,Shanghai Jiao Tong University,undergraduate,2026,prior_cycle_catalogue,"[""sjtu-ug-cn""]","[""https://isc.sjtu.edu.cn/kindeditor/Upload/file/20251124/20251124162925_6451.pdf""]","[""2026-10-07""]",null,4年,,船舶与海洋工程（含智能海洋装备与技术）
sjtu-ug-cn-001,2,Shanghai Jiao Tong University,undergraduate,2026,prior_cycle_catalogue,"[""sjtu-ug-cn""]","[""https://isc.sjtu.edu.cn/kindeditor/Upload/file/20251124/20251124162925_6451.pdf""]","[""2026-10-07""]",null,4年,,土木工程（智能绿色建造）
sjtu-ug-cn-002,1,Shanghai Jiao Tong University,undergraduate,2026,prior_cycle_catalogue,"[""sjtu-ug-cn""]","[""https://isc.sjtu.edu.cn/kindeditor/Upload/file/20251124/20251124162925_6451.pdf""]","[""2026-10-07""]",null,4年,,机械工程
sjtu-ug-cn-002,2,Shanghai Jiao Tong University,undergraduate,2026,prior_cycle_catalogue,"[""sjtu-ug-cn""]","[""https://isc.sjtu.edu.cn/kindeditor/Upload/file/20251124/20251124162925_6451.pdf""]","[""2026-10-07""]",null,4年,,能源与动力工程
sjtu-ug-cn-002,3,Shanghai Jiao Tong University,undergraduate,2026,prior_cycle_catalogue,"[""sjtu-ug-cn""]","[""https://isc.sjtu.edu.cn/kindeditor/Upload/file/20251124/20251124162925_6451.pdf""]","[""2026-10-07""]",null,4年,,工业工程
sjtu-ug-cn-002,4,Shanghai Jiao Tong University,undergraduate,2026,prior_cycle_catalogue,"[""sjtu-ug-cn""]","[""https://isc.sjtu.edu.cn/kindeditor/Upload/file/20251124/20251124162925_6451.pdf""]","[""2026-10-07""]",null,4年,,储能科学与工程
sjtu-ug-cn-019,1,Shanghai Jiao Tong University,undergraduate,2026,prior_cycle_catalogue,"[""sjtu-ug-cn""]","[""https://isc.sjtu.edu.cn/kindeditor/Upload/file/20251124/20251124162925_6451.pdf""]","[""2026-10-07""]",null,4年,,数学与应用数学
sjtu-ug-cn-019,2,Shanghai Jiao Tong University,undergraduate,2026,prior_cycle_catalogue,"[""sjtu-ug-cn""]","[""https://isc.sjtu.edu.cn/kindeditor/Upload/file/20251124/20251124162925_6451.pdf""]","[""2026-10-07""]",null,4年,,统计学
sjtu-ug-cn-020,1,Shanghai Jiao Tong University,undergraduate,2026,prior_cycle_catalogue,"[""sjtu-ug-cn""]","[""https://isc.sjtu.edu.cn/kindeditor/Upload/file/20251124/20251124162925_6451.pdf""]","[""2026-10-07""]",null,4年,,物理学
sjtu-ug-cn-020,2,Shanghai Jiao Tong University,undergraduate,2026,prior_cycle_catalogue,"[""sjtu-ug-cn""]","[""https://isc.sjtu.edu.cn/kindeditor/Upload/file/20251124/20251124162925_6451.pdf""]","[""2026-10-07""]",null,4年,,天文学
sjtu-ug-cn-021,1,Shanghai Jiao Tong University,undergraduate,2026,prior_cycle_catalogue,"[""sjtu-ug-cn""]","[""https://isc.sjtu.edu.cn/kindeditor/Upload/file/20251124/20251124162925_6451.pdf""]","[""2026-10-07""]",null,4年,,化学工程与工艺
sjtu-ug-cn-021,2,Shanghai Jiao Tong University,undergraduate,2026,prior_cycle_catalogue,"[""sjtu-ug-cn""]","[""https://isc.sjtu.edu.cn/kindeditor/Upload/file/20251124/20251124162925_6451.pdf""]","[""2026-10-07""]",null,4年,,化学（含高分子方向）
sjtu-ug-cn-021,3,Shanghai Jiao Tong University,undergraduate,2026,prior_cycle_catalogue,"[""sjtu-ug-cn""]","[""https://isc.sjtu.edu.cn/kindeditor/Upload/file/20251124/20251124162925_6451.pdf""]","[""2026-10-07""]",null,4年,,化学生物学
sjtu-ug-cn-024,1,Shanghai Jiao Tong University,undergraduate,2026,prior_cycle_catalogue,"[""sjtu-ug-cn""]","[""https://isc.sjtu.edu.cn/kindeditor/Upload/file/20251124/20251124162925_6451.pdf""]","[""2026-10-07""]",null,4年,,生物技术
sjtu-ug-cn-024,2,Shanghai Jiao Tong University,undergraduate,2026,prior_cycle_catalogue,"[""sjtu-ug-cn""]","[""https://isc.sjtu.edu.cn/kindeditor/Upload/file/20251124/20251124162925_6451.pdf""]","[""2026-10-07""]",null,4年,,生物工程
sjtu-ug-cn-025,1,Shanghai Jiao Tong University,undergraduate,2026,prior_cycle_catalogue,"[""sjtu-ug-cn""]","[""https://isc.sjtu.edu.cn/kindeditor/Upload/file/20251124/20251124162925_6451.pdf""]","[""2026-10-07""]",null,4年,,农业资源与环境
sjtu-ug-cn-025,2,Shanghai Jiao Tong University,undergraduate,2026,prior_cycle_catalogue,"[""sjtu-ug-cn""]","[""https://isc.sjtu.edu.cn/kindeditor/Upload/file/20251124/20251124162925_6451.pdf""]","[""2026-10-07""]",null,4年,,食品科学与工程
sjtu-ug-cn-025,3,Shanghai Jiao Tong University,undergraduate,2026,prior_cycle_catalogue,"[""sjtu-ug-cn""]","[""https://isc.sjtu.edu.cn/kindeditor/Upload/file/20251124/20251124162925_6451.pdf""]","[""2026-10-07""]",null,4年,,动物科学
sjtu-ug-cn-025,4,Shanghai Jiao Tong University,undergraduate,2026,prior_cycle_catalogue,"[""sjtu-ug-cn""]","[""https://isc.sjtu.edu.cn/kindeditor/Upload/file/20251124/20251124162925_6451.pdf""]","[""2026-10-07""]",null,4年,,植物科学与技术
sjtu-ug-cn-025,5,Shanghai Jiao Tong University,undergraduate,2026,prior_cycle_catalogue,"[""sjtu-ug-cn""]","[""https://isc.sjtu.edu.cn/kindeditor/Upload/file/20251124/20251124162925_6451.pdf""]","[""2026-10-07""]",null,4年,,智慧农业
sjtu-ug-cn-026,1,Shanghai Jiao Tong University,undergraduate,2026,prior_cycle_catalogue,"[""sjtu-ug-cn""]","[""https://isc.sjtu.edu.cn/kindeditor/Upload/file/20251124/20251124162925_6451.pdf""]","[""2026-10-07""]",null,4年,,药学
sjtu-ug-cn-026,2,Shanghai Jiao Tong University,undergraduate,2026,prior_cycle_catalogue,"[""sjtu-ug-cn""]","[""https://isc.sjtu.edu.cn/kindeditor/Upload/file/20251124/20251124162925_6451.pdf""]","[""2026-10-07""]",null,5年,,临床药学
sjtu-ug-cn-027,1,Shanghai Jiao Tong University,undergraduate,2026,prior_cycle_catalogue,"[""sjtu-ug-cn""]","[""https://isc.sjtu.edu.cn/kindeditor/Upload/file/20251124/20251124162925_6451.pdf""]","[""2026-10-07""]",null,4年,,金融学
sjtu-ug-cn-027,2,Shanghai Jiao Tong University,undergraduate,2026,prior_cycle_catalogue,"[""sjtu-ug-cn""]","[""https://isc.sjtu.edu.cn/kindeditor/Upload/file/20251124/20251124162925_6451.pdf""]","[""2026-10-07""]",null,4年,,经济学
sjtu-ug-cn-027,3,Shanghai Jiao Tong University,undergraduate,2026,prior_cycle_catalogue,"[""sjtu-ug-cn""]","[""https://isc.sjtu.edu.cn/kindeditor/Upload/file/20251124/20251124162925_6451.pdf""]","[""2026-10-07""]",null,4年,,工商管理（市场营销）
sjtu-ug-cn-027,4,Shanghai Jiao Tong University,undergraduate,2026,prior_cycle_catalogue,"[""sjtu-ug-cn""]","[""https://isc.sjtu.edu.cn/kindeditor/Upload/file/20251124/20251124162925_6451.pdf""]","[""2026-10-07""]",null,4年,,会计学
sjtu-ug-cn-027,5,Shanghai Jiao Tong University,undergraduate,2026,prior_cycle_catalogue,"[""sjtu-ug-cn""]","[""https://isc.sjtu.edu.cn/kindeditor/Upload/file/20251124/20251124162925_6451.pdf""]","[""2026-10-07""]",null,4年,,人力资源管理
sjtu-ug-cn-027,6,Shanghai Jiao Tong University,undergraduate,2026,prior_cycle_catalogue,"[""sjtu-ug-cn""]","[""https://isc.sjtu.edu.cn/kindeditor/Upload/file/20251124/20251124162925_6451.pdf""]","[""2026-10-07""]",null,4年,,大数据管理与应用（大数据与商务管理）
sjtu-ug-cn-033,1,Shanghai Jiao Tong University,undergraduate,2026,prior_cycle_catalogue,"[""sjtu-ug-cn""]","[""https://isc.sjtu.edu.cn/kindeditor/Upload/file/20251124/20251124162925_6451.pdf""]","[""2026-10-07""]",null,4年,,商务汉语方向
sjtu-ug-en-2027-001,1,Shanghai Jiao Tong University,undergraduate,2027,selected_current_route,"[""sjtu-ug-en-2027""]","[""https://isc.sjtu.edu.cn/CN/show.aspx?flag=100&info_id=153&info_lb=205""]","[""2026-10-07""]",Global College,null,Mechanical Engineering,
sjtu-ug-en-2027-001,2,Shanghai Jiao Tong University,undergraduate,2027,selected_current_route,"[""sjtu-ug-en-2027""]","[""https://isc.sjtu.edu.cn/CN/show.aspx?flag=100&info_id=153&info_lb=205""]","[""2026-10-07""]",Global College,null,Electrical and Computer Engineering,
sjtu-ug-en-2027-001,3,Shanghai Jiao Tong University,undergraduate,2027,selected_current_route,"[""sjtu-ug-en-2027""]","[""https://isc.sjtu.edu.cn/CN/show.aspx?flag=100&info_id=153&info_lb=205""]","[""2026-10-07""]",Global College,null,Data Science and Big Data Technology,
sjtu-ug-en-2027-001,4,Shanghai Jiao Tong University,undergraduate,2027,selected_current_route,"[""sjtu-ug-en-2027""]","[""https://isc.sjtu.edu.cn/CN/show.aspx?flag=100&info_id=153&info_lb=205""]","[""2026-10-07""]",Global College,null,Computer Science and Technology,
sjtu-ug-en-2027-001,5,Shanghai Jiao Tong University,undergraduate,2027,selected_current_route,"[""sjtu-ug-en-2027""]","[""https://isc.sjtu.edu.cn/CN/show.aspx?flag=100&info_id=153&info_lb=205""]","[""2026-10-07""]",School of Materials Science and Engineering,null,Materials Science and Engineering,
sjtu-ug-en-2027-001,6,Shanghai Jiao Tong University,undergraduate,2027,selected_current_route,"[""sjtu-ug-en-2027""]","[""https://isc.sjtu.edu.cn/CN/show.aspx?flag=100&info_id=153&info_lb=205""]","[""2026-10-07""]",School of Automation and Intelligent Sensing,null,Automation,
sjtu-ug-en-2027-001,7,Shanghai Jiao Tong University,undergraduate,2027,selected_current_route,"[""sjtu-ug-en-2027""]","[""https://isc.sjtu.edu.cn/CN/show.aspx?flag=100&info_id=153&info_lb=205""]","[""2026-10-07""]",School of Computer Science,null,Computer Science and Technology,
sjtu-ug-en-2027-001,8,Shanghai Jiao Tong University,undergraduate,2027,selected_current_route,"[""sjtu-ug-en-2027""]","[""https://isc.sjtu.edu.cn/CN/show.aspx?flag=100&info_id=153&info_lb=205""]","[""2026-10-07""]",School of Mechanical Engineering,null,Mechanical Engineering,
sjtu-ug-en-2027-001,9,Shanghai Jiao Tong University,undergraduate,2027,selected_current_route,"[""sjtu-ug-en-2027""]","[""https://isc.sjtu.edu.cn/CN/show.aspx?flag=100&info_id=153&info_lb=205""]","[""2026-10-07""]",School of Mechanical Engineering,null,Power and Energy Engineering,
ustc-ug-2026-01,1,University of Science and Technology of China,undergraduate,2026,historical_2026,"[""ustc-ug-2026"",""ustc-ug-guide""]","[""https://ic.ustc.edu.cn/wp-content/uploads/2025/04/%E6%9C%AC%E7%A7%91%E6%8B%9B%E7%94%9F%E4%B8%93%E4%B8%9A%E7%9B%AE%E5%BD%95-2.pdf"",""https://ic.ustc.edu.cn/?abroad=%E6%A6%82%E5%86%B5""]","[""2026-10-07"",""2026-10-07""]",,,Artificial Intelligence,人工智能
ustc-ug-2026-02,1,University of Science and Technology of China,undergraduate,2026,historical_2026,"[""ustc-ug-2026"",""ustc-ug-guide""]","[""https://ic.ustc.edu.cn/wp-content/uploads/2025/04/%E6%9C%AC%E7%A7%91%E6%8B%9B%E7%94%9F%E4%B8%93%E4%B8%9A%E7%9B%AE%E5%BD%95-2.pdf"",""https://ic.ustc.edu.cn/?abroad=%E6%A6%82%E5%86%B5""]","[""2026-10-07"",""2026-10-07""]",,,Atmospheric Science,大气科学
ustc-ug-2026-03,1,University of Science and Technology of China,undergraduate,2026,historical_2026,"[""ustc-ug-2026"",""ustc-ug-guide""]","[""https://ic.ustc.edu.cn/wp-content/uploads/2025/04/%E6%9C%AC%E7%A7%91%E6%8B%9B%E7%94%9F%E4%B8%93%E4%B8%9A%E7%9B%AE%E5%BD%95-2.pdf"",""https://ic.ustc.edu.cn/?abroad=%E6%A6%82%E5%86%B5""]","[""2026-10-07"",""2026-10-07""]",,,Chemistry,化学
ustc-ug-2026-04,1,University of Science and Technology of China,undergraduate,2026,historical_2026,"[""ustc-ug-2026"",""ustc-ug-guide""]","[""https://ic.ustc.edu.cn/wp-content/uploads/2025/04/%E6%9C%AC%E7%A7%91%E6%8B%9B%E7%94%9F%E4%B8%93%E4%B8%9A%E7%9B%AE%E5%BD%95-2.pdf"",""https://ic.ustc.edu.cn/?abroad=%E6%A6%82%E5%86%B5""]","[""2026-10-07"",""2026-10-07""]",,,Computer Science and Technology,计算机科学与技术
ustc-ug-2026-05,1,University of Science and Technology of China,undergraduate,2026,historical_2026,"[""ustc-ug-2026"",""ustc-ug-guide""]","[""https://ic.ustc.edu.cn/wp-content/uploads/2025/04/%E6%9C%AC%E7%A7%91%E6%8B%9B%E7%94%9F%E4%B8%93%E4%B8%9A%E7%9B%AE%E5%BD%95-2.pdf"",""https://ic.ustc.edu.cn/?abroad=%E6%A6%82%E5%86%B5""]","[""2026-10-07"",""2026-10-07""]",,,Cybersecurity,网络空间安全
ustc-ug-2026-05,2,University of Science and Technology of China,undergraduate,2026,historical_2026,"[""ustc-ug-2026"",""ustc-ug-guide""]","[""https://ic.ustc.edu.cn/wp-content/uploads/2025/04/%E6%9C%AC%E7%A7%91%E6%8B%9B%E7%94%9F%E4%B8%93%E4%B8%9A%E7%9B%AE%E5%BD%95-2.pdf"",""https://ic.ustc.edu.cn/?abroad=%E6%A6%82%E5%86%B5""]","[""2026-10-07"",""2026-10-07""]",,,Information Security,信息安全
ustc-ug-2026-06,1,University of Science and Technology of China,undergraduate,2026,historical_2026,"[""ustc-ug-2026"",""ustc-ug-guide""]","[""https://ic.ustc.edu.cn/wp-content/uploads/2025/04/%E6%9C%AC%E7%A7%91%E6%8B%9B%E7%94%9F%E4%B8%93%E4%B8%9A%E7%9B%AE%E5%BD%95-2.pdf"",""https://ic.ustc.edu.cn/?abroad=%E6%A6%82%E5%86%B5""]","[""2026-10-07"",""2026-10-07""]",,,Automation,自动化
ustc-ug-2026-06,2,University of Science and Technology of China,undergraduate,2026,historical_2026,"[""ustc-ug-2026"",""ustc-ug-guide""]","[""https://ic.ustc.edu.cn/wp-content/uploads/2025/04/%E6%9C%AC%E7%A7%91%E6%8B%9B%E7%94%9F%E4%B8%93%E4%B8%9A%E7%9B%AE%E5%BD%95-2.pdf"",""https://ic.ustc.edu.cn/?abroad=%E6%A6%82%E5%86%B5""]","[""2026-10-07"",""2026-10-07""]",,,Electronic Information Engineering,电子信息工程
ustc-ug-2026-06,3,University of Science and Technology of China,undergraduate,2026,historical_2026,"[""ustc-ug-2026"",""ustc-ug-guide""]","[""https://ic.ustc.edu.cn/wp-content/uploads/2025/04/%E6%9C%AC%E7%A7%91%E6%8B%9B%E7%94%9F%E4%B8%93%E4%B8%9A%E7%9B%AE%E5%BD%95-2.pdf"",""https://ic.ustc.edu.cn/?abroad=%E6%A6%82%E5%86%B5""]","[""2026-10-07"",""2026-10-07""]",,,Electronic Science and Technology,电子科学与技术
ustc-ug-2026-06,4,University of Science and Technology of China,undergraduate,2026,historical_2026,"[""ustc-ug-2026"",""ustc-ug-guide""]","[""https://ic.ustc.edu.cn/wp-content/uploads/2025/04/%E6%9C%AC%E7%A7%91%E6%8B%9B%E7%94%9F%E4%B8%93%E4%B8%9A%E7%9B%AE%E5%BD%95-2.pdf"",""https://ic.ustc.edu.cn/?abroad=%E6%A6%82%E5%86%B5""]","[""2026-10-07"",""2026-10-07""]",,,Integrated Circuit Design and Integrated System,集成电路设计与集成系统
ustc-ug-2026-07,1,University of Science and Technology of China,undergraduate,2026,historical_2026,"[""ustc-ug-2026"",""ustc-ug-guide""]","[""https://ic.ustc.edu.cn/wp-content/uploads/2025/04/%E6%9C%AC%E7%A7%91%E6%8B%9B%E7%94%9F%E4%B8%93%E4%B8%9A%E7%9B%AE%E5%BD%95-2.pdf"",""https://ic.ustc.edu.cn/?abroad=%E6%A6%82%E5%86%B5""]","[""2026-10-07"",""2026-10-07""]",,,Energy and Power Engineering,能源与动力工程
ustc-ug-2026-07,2,University of Science and Technology of China,undergraduate,2026,historical_2026,"[""ustc-ug-2026"",""ustc-ug-guide""]","[""https://ic.ustc.edu.cn/wp-content/uploads/2025/04/%E6%9C%AC%E7%A7%91%E6%8B%9B%E7%94%9F%E4%B8%93%E4%B8%9A%E7%9B%AE%E5%BD%95-2.pdf"",""https://ic.ustc.edu.cn/?abroad=%E6%A6%82%E5%86%B5""]","[""2026-10-07"",""2026-10-07""]",,,"Measurement, Control Technology and Instrumentation",测控技术与仪器
ustc-ug-2026-07,3,University of Science and Technology of China,undergraduate,2026,historical_2026,"[""ustc-ug-2026"",""ustc-ug-guide""]","[""https://ic.ustc.edu.cn/wp-content/uploads/2025/04/%E6%9C%AC%E7%A7%91%E6%8B%9B%E7%94%9F%E4%B8%93%E4%B8%9A%E7%9B%AE%E5%BD%95-2.pdf"",""https://ic.ustc.edu.cn/?abroad=%E6%A6%82%E5%86%B5""]","[""2026-10-07"",""2026-10-07""]",,,Robotics Engineering,机器人工程
ustc-ug-2026-07,4,University of Science and Technology of China,undergraduate,2026,historical_2026,"[""ustc-ug-2026"",""ustc-ug-guide""]","[""https://ic.ustc.edu.cn/wp-content/uploads/2025/04/%E6%9C%AC%E7%A7%91%E6%8B%9B%E7%94%9F%E4%B8%93%E4%B8%9A%E7%9B%AE%E5%BD%95-2.pdf"",""https://ic.ustc.edu.cn/?abroad=%E6%A6%82%E5%86%B5""]","[""2026-10-07"",""2026-10-07""]",,,Safety Engineering,安全工程
ustc-ug-2026-07,5,University of Science and Technology of China,undergraduate,2026,historical_2026,"[""ustc-ug-2026"",""ustc-ug-guide""]","[""https://ic.ustc.edu.cn/wp-content/uploads/2025/04/%E6%9C%AC%E7%A7%91%E6%8B%9B%E7%94%9F%E4%B8%93%E4%B8%9A%E7%9B%AE%E5%BD%95-2.pdf"",""https://ic.ustc.edu.cn/?abroad=%E6%A6%82%E5%86%B5""]","[""2026-10-07"",""2026-10-07""]",,,Theory and Applied Mechanics,理论与应用力学
ustc-ug-2026-08,1,University of Science and Technology of China,undergraduate,2026,historical_2026,"[""ustc-ug-2026"",""ustc-ug-guide""]","[""https://ic.ustc.edu.cn/wp-content/uploads/2025/04/%E6%9C%AC%E7%A7%91%E6%8B%9B%E7%94%9F%E4%B8%93%E4%B8%9A%E7%9B%AE%E5%BD%95-2.pdf"",""https://ic.ustc.edu.cn/?abroad=%E6%A6%82%E5%86%B5""]","[""2026-10-07"",""2026-10-07""]",,,Environmental Science and Engineering,环境科学与工程
ustc-ug-2026-09,1,University of Science and Technology of China,undergraduate,2026,historical_2026,"[""ustc-ug-2026"",""ustc-ug-guide""]","[""https://ic.ustc.edu.cn/wp-content/uploads/2025/04/%E6%9C%AC%E7%A7%91%E6%8B%9B%E7%94%9F%E4%B8%93%E4%B8%9A%E7%9B%AE%E5%BD%95-2.pdf"",""https://ic.ustc.edu.cn/?abroad=%E6%A6%82%E5%86%B5""]","[""2026-10-07"",""2026-10-07""]",,,Geophysics,地球物理学
ustc-ug-2026-10,1,University of Science and Technology of China,undergraduate,2026,historical_2026,"[""ustc-ug-2026"",""ustc-ug-guide""]","[""https://ic.ustc.edu.cn/wp-content/uploads/2025/04/%E6%9C%AC%E7%A7%91%E6%8B%9B%E7%94%9F%E4%B8%93%E4%B8%9A%E7%9B%AE%E5%BD%95-2.pdf"",""https://ic.ustc.edu.cn/?abroad=%E6%A6%82%E5%86%B5""]","[""2026-10-07"",""2026-10-07""]",,,Biotechnology,生物技术
ustc-ug-2026-10,2,University of Science and Technology of China,undergraduate,2026,historical_2026,"[""ustc-ug-2026"",""ustc-ug-guide""]","[""https://ic.ustc.edu.cn/wp-content/uploads/2025/04/%E6%9C%AC%E7%A7%91%E6%8B%9B%E7%94%9F%E4%B8%93%E4%B8%9A%E7%9B%AE%E5%BD%95-2.pdf"",""https://ic.ustc.edu.cn/?abroad=%E6%A6%82%E5%86%B5""]","[""2026-10-07"",""2026-10-07""]",,,Bioscience,生物科学
ustc-ug-2026-11,1,University of Science and Technology of China,undergraduate,2026,historical_2026,"[""ustc-ug-2026"",""ustc-ug-guide""]","[""https://ic.ustc.edu.cn/wp-content/uploads/2025/04/%E6%9C%AC%E7%A7%91%E6%8B%9B%E7%94%9F%E4%B8%93%E4%B8%9A%E7%9B%AE%E5%BD%95-2.pdf"",""https://ic.ustc.edu.cn/?abroad=%E6%A6%82%E5%86%B5""]","[""2026-10-07"",""2026-10-07""]",,,Big Data Management and Application,大数据管理与应用
ustc-ug-2026-11,2,University of Science and Technology of China,undergraduate,2026,historical_2026,"[""ustc-ug-2026"",""ustc-ug-guide""]","[""https://ic.ustc.edu.cn/wp-content/uploads/2025/04/%E6%9C%AC%E7%A7%91%E6%8B%9B%E7%94%9F%E4%B8%93%E4%B8%9A%E7%9B%AE%E5%BD%95-2.pdf"",""https://ic.ustc.edu.cn/?abroad=%E6%A6%82%E5%86%B5""]","[""2026-10-07"",""2026-10-07""]",,,Business Administration,工商管理
ustc-ug-2026-11,3,University of Science and Technology of China,undergraduate,2026,historical_2026,"[""ustc-ug-2026"",""ustc-ug-guide""]","[""https://ic.ustc.edu.cn/wp-content/uploads/2025/04/%E6%9C%AC%E7%A7%91%E6%8B%9B%E7%94%9F%E4%B8%93%E4%B8%9A%E7%9B%AE%E5%BD%95-2.pdf"",""https://ic.ustc.edu.cn/?abroad=%E6%A6%82%E5%86%B5""]","[""2026-10-07"",""2026-10-07""]",,,Finance,金融学
ustc-ug-2026-11,4,University of Science and Technology of China,undergraduate,2026,historical_2026,"[""ustc-ug-2026"",""ustc-ug-guide""]","[""https://ic.ustc.edu.cn/wp-content/uploads/2025/04/%E6%9C%AC%E7%A7%91%E6%8B%9B%E7%94%9F%E4%B8%93%E4%B8%9A%E7%9B%AE%E5%BD%95-2.pdf"",""https://ic.ustc.edu.cn/?abroad=%E6%A6%82%E5%86%B5""]","[""2026-10-07"",""2026-10-07""]",,,Management Science,管理科学
ustc-ug-2026-11,5,University of Science and Technology of China,undergraduate,2026,historical_2026,"[""ustc-ug-2026"",""ustc-ug-guide""]","[""https://ic.ustc.edu.cn/wp-content/uploads/2025/04/%E6%9C%AC%E7%A7%91%E6%8B%9B%E7%94%9F%E4%B8%93%E4%B8%9A%E7%9B%AE%E5%BD%95-2.pdf"",""https://ic.ustc.edu.cn/?abroad=%E6%A6%82%E5%86%B5""]","[""2026-10-07"",""2026-10-07""]",,,Statistics,统计学
ustc-ug-2026-12,1,University of Science and Technology of China,undergraduate,2026,historical_2026,"[""ustc-ug-2026"",""ustc-ug-guide""]","[""https://ic.ustc.edu.cn/wp-content/uploads/2025/04/%E6%9C%AC%E7%A7%91%E6%8B%9B%E7%94%9F%E4%B8%93%E4%B8%9A%E7%9B%AE%E5%BD%95-2.pdf"",""https://ic.ustc.edu.cn/?abroad=%E6%A6%82%E5%86%B5""]","[""2026-10-07"",""2026-10-07""]",,,Materials Chemistry,材料化学
ustc-ug-2026-12,2,University of Science and Technology of China,undergraduate,2026,historical_2026,"[""ustc-ug-2026"",""ustc-ug-guide""]","[""https://ic.ustc.edu.cn/wp-content/uploads/2025/04/%E6%9C%AC%E7%A7%91%E6%8B%9B%E7%94%9F%E4%B8%93%E4%B8%9A%E7%9B%AE%E5%BD%95-2.pdf"",""https://ic.ustc.edu.cn/?abroad=%E6%A6%82%E5%86%B5""]","[""2026-10-07"",""2026-10-07""]",,,Materials Physics,材料物理
ustc-ug-2026-12,3,University of Science and Technology of China,undergraduate,2026,historical_2026,"[""ustc-ug-2026"",""ustc-ug-guide""]","[""https://ic.ustc.edu.cn/wp-content/uploads/2025/04/%E6%9C%AC%E7%A7%91%E6%8B%9B%E7%94%9F%E4%B8%93%E4%B8%9A%E7%9B%AE%E5%BD%95-2.pdf"",""https://ic.ustc.edu.cn/?abroad=%E6%A6%82%E5%86%B5""]","[""2026-10-07"",""2026-10-07""]",,,Polymer Materials and Engineering,高分子材料与工程
ustc-ug-2026-13,1,University of Science and Technology of China,undergraduate,2026,historical_2026,"[""ustc-ug-2026"",""ustc-ug-guide""]","[""https://ic.ustc.edu.cn/wp-content/uploads/2025/04/%E6%9C%AC%E7%A7%91%E6%8B%9B%E7%94%9F%E4%B8%93%E4%B8%9A%E7%9B%AE%E5%BD%95-2.pdf"",""https://ic.ustc.edu.cn/?abroad=%E6%A6%82%E5%86%B5""]","[""2026-10-07"",""2026-10-07""]",,,Information and Computing Science,信息与计算科学
ustc-ug-2026-13,2,University of Science and Technology of China,undergraduate,2026,historical_2026,"[""ustc-ug-2026"",""ustc-ug-guide""]","[""https://ic.ustc.edu.cn/wp-content/uploads/2025/04/%E6%9C%AC%E7%A7%91%E6%8B%9B%E7%94%9F%E4%B8%93%E4%B8%9A%E7%9B%AE%E5%BD%95-2.pdf"",""https://ic.ustc.edu.cn/?abroad=%E6%A6%82%E5%86%B5""]","[""2026-10-07"",""2026-10-07""]",,,Mathematics and Applied Mathematics,数学与应用数学
ustc-ug-2026-14,1,University of Science and Technology of China,undergraduate,2026,historical_2026,"[""ustc-ug-2026"",""ustc-ug-guide""]","[""https://ic.ustc.edu.cn/wp-content/uploads/2025/04/%E6%9C%AC%E7%A7%91%E6%8B%9B%E7%94%9F%E4%B8%93%E4%B8%9A%E7%9B%AE%E5%BD%95-2.pdf"",""https://ic.ustc.edu.cn/?abroad=%E6%A6%82%E5%86%B5""]","[""2026-10-07"",""2026-10-07""]",,,Engineering Physics,工程物理
ustc-ug-2026-14,2,University of Science and Technology of China,undergraduate,2026,historical_2026,"[""ustc-ug-2026"",""ustc-ug-guide""]","[""https://ic.ustc.edu.cn/wp-content/uploads/2025/04/%E6%9C%AC%E7%A7%91%E6%8B%9B%E7%94%9F%E4%B8%93%E4%B8%9A%E7%9B%AE%E5%BD%95-2.pdf"",""https://ic.ustc.edu.cn/?abroad=%E6%A6%82%E5%86%B5""]","[""2026-10-07"",""2026-10-07""]",,,Nuclear Engineering and Nuclear Technology,核工程与核技术
ustc-ug-2026-15,1,University of Science and Technology of China,undergraduate,2026,historical_2026,"[""ustc-ug-2026"",""ustc-ug-guide""]","[""https://ic.ustc.edu.cn/wp-content/uploads/2025/04/%E6%9C%AC%E7%A7%91%E6%8B%9B%E7%94%9F%E4%B8%93%E4%B8%9A%E7%9B%AE%E5%BD%95-2.pdf"",""https://ic.ustc.edu.cn/?abroad=%E6%A6%82%E5%86%B5""]","[""2026-10-07"",""2026-10-07""]",,,Astronomy,天文学
ustc-ug-2026-15,2,University of Science and Technology of China,undergraduate,2026,historical_2026,"[""ustc-ug-2026"",""ustc-ug-guide""]","[""https://ic.ustc.edu.cn/wp-content/uploads/2025/04/%E6%9C%AC%E7%A7%91%E6%8B%9B%E7%94%9F%E4%B8%93%E4%B8%9A%E7%9B%AE%E5%BD%95-2.pdf"",""https://ic.ustc.edu.cn/?abroad=%E6%A6%82%E5%86%B5""]","[""2026-10-07"",""2026-10-07""]",,,Applied Physics,应用物理学
ustc-ug-2026-15,3,University of Science and Technology of China,undergraduate,2026,historical_2026,"[""ustc-ug-2026"",""ustc-ug-guide""]","[""https://ic.ustc.edu.cn/wp-content/uploads/2025/04/%E6%9C%AC%E7%A7%91%E6%8B%9B%E7%94%9F%E4%B8%93%E4%B8%9A%E7%9B%AE%E5%BD%95-2.pdf"",""https://ic.ustc.edu.cn/?abroad=%E6%A6%82%E5%86%B5""]","[""2026-10-07"",""2026-10-07""]",,,Photoelectric Information Science and Engineering,光电信息科学与工程
ustc-ug-2026-15,4,University of Science and Technology of China,undergraduate,2026,historical_2026,"[""ustc-ug-2026"",""ustc-ug-guide""]","[""https://ic.ustc.edu.cn/wp-content/uploads/2025/04/%E6%9C%AC%E7%A7%91%E6%8B%9B%E7%94%9F%E4%B8%93%E4%B8%9A%E7%9B%AE%E5%BD%95-2.pdf"",""https://ic.ustc.edu.cn/?abroad=%E6%A6%82%E5%86%B5""]","[""2026-10-07"",""2026-10-07""]",,,Physics,物理学
ustc-ug-2026-16,1,University of Science and Technology of China,undergraduate,2026,historical_2026,"[""ustc-ug-2026"",""ustc-ug-guide""]","[""https://ic.ustc.edu.cn/wp-content/uploads/2025/04/%E6%9C%AC%E7%A7%91%E6%8B%9B%E7%94%9F%E4%B8%93%E4%B8%9A%E7%9B%AE%E5%BD%95-2.pdf"",""https://ic.ustc.edu.cn/?abroad=%E6%A6%82%E5%86%B5""]","[""2026-10-07"",""2026-10-07""]",,,Planetary Science,行星科学
ustc-ug-2026-17,1,University of Science and Technology of China,undergraduate,2026,historical_2026,"[""ustc-ug-2026"",""ustc-ug-guide""]","[""https://ic.ustc.edu.cn/wp-content/uploads/2025/04/%E6%9C%AC%E7%A7%91%E6%8B%9B%E7%94%9F%E4%B8%93%E4%B8%9A%E7%9B%AE%E5%BD%95-2.pdf"",""https://ic.ustc.edu.cn/?abroad=%E6%A6%82%E5%86%B5""]","[""2026-10-07"",""2026-10-07""]",,,Quantum Information Science,量子信息科学
ustc-ug-2026-18,1,University of Science and Technology of China,undergraduate,2026,historical_2026,"[""ustc-ug-2026"",""ustc-ug-guide""]","[""https://ic.ustc.edu.cn/wp-content/uploads/2025/04/%E6%9C%AC%E7%A7%91%E6%8B%9B%E7%94%9F%E4%B8%93%E4%B8%9A%E7%9B%AE%E5%BD%95-2.pdf"",""https://ic.ustc.edu.cn/?abroad=%E6%A6%82%E5%86%B5""]","[""2026-10-07"",""2026-10-07""]",,,Space Science and Technology,空间科学与技术
