id,title,url,intake,checkedAt,status,projectionFile
thu-masters-2027,Tsinghua 2027 international master’s programme catalogue,https://yzbm.tsinghua.edu.cn/publish/s05/s0503/detail/84682384-10d4-4eb6-9d49-356299983813/1,2027,2026-10-07,retrieved,catalogue-public.json
pku-master-index,PKU international graduate catalogue index,https://admission.pku.edu.cn/zsxx/lxszs/lxszyml/index.htm,2026,2026-10-07,retrieved,catalogue-public.json
pku-master-cn-2026,PKU 2026 international master catalogue: Chinese-taught,https://admission.pku.edu.cn/zsxx/lxszs/lxszyml/2026/ss/zsml_ss_lxs_cn.html,2026,2026-10-07,retrieved,catalogue-public.json
pku-master-cn-2026-00001,数学科学学院 — 2026 Chinese master catalogue,https://admission.pku.edu.cn/zsxx/lxszs/lxszyml/2026/ss/zsml_ss_lxs_cn_00001.pdf,2026,2026-10-07,retrieved,catalogue-public.json
pku-master-cn-2026-00004,物理学院 — 2026 Chinese master catalogue,https://admission.pku.edu.cn/zsxx/lxszs/lxszyml/2026/ss/zsml_ss_lxs_cn_00004.pdf,2026,2026-10-07,retrieved,catalogue-public.json
pku-master-cn-2026-00126,城市与环境学院 — 2026 Chinese master catalogue,https://admission.pku.edu.cn/zsxx/lxszs/lxszyml/2026/ss/zsml_ss_lxs_cn_00126.pdf,2026,2026-10-07,retrieved,catalogue-public.json
pku-master-cn-2026-00012,地球与空间科学学院 — 2026 Chinese master catalogue,https://admission.pku.edu.cn/zsxx/lxszs/lxszyml/2026/ss/zsml_ss_lxs_cn_00012.pdf,2026,2026-10-07,retrieved,catalogue-public.json
pku-master-cn-2026-00016,心理与认知科学学院 — 2026 Chinese master catalogue,https://admission.pku.edu.cn/zsxx/lxszs/lxszyml/2026/ss/zsml_ss_lxs_cn_00016.pdf,2026,2026-10-07,retrieved,catalogue-public.json
pku-master-cn-2026-00195,建筑与景观设计学院 — 2026 Chinese master catalogue,https://admission.pku.edu.cn/zsxx/lxszs/lxszyml/2026/ss/zsml_ss_lxs_cn_00195.pdf,2026,2026-10-07,retrieved,catalogue-public.json
pku-master-cn-2026-00107,电子学院 — 2026 Chinese master catalogue,https://admission.pku.edu.cn/zsxx/lxszs/lxszyml/2026/ss/zsml_ss_lxs_cn_00107.pdf,2026,2026-10-07,retrieved,catalogue-public.json
pku-master-cn-2026-00101,计算机学院 — 2026 Chinese master catalogue,https://admission.pku.edu.cn/zsxx/lxszs/lxszyml/2026/ss/zsml_ss_lxs_cn_00101.pdf,2026,2026-10-07,retrieved,catalogue-public.json
pku-master-cn-2026-00100,集成电路学院 — 2026 Chinese master catalogue,https://admission.pku.edu.cn/zsxx/lxszs/lxszyml/2026/ss/zsml_ss_lxs_cn_00100.pdf,2026,2026-10-07,retrieved,catalogue-public.json
pku-master-cn-2026-00106,智能学院 — 2026 Chinese master catalogue,https://admission.pku.edu.cn/zsxx/lxszs/lxszyml/2026/ss/zsml_ss_lxs_cn_00106.pdf,2026,2026-10-07,retrieved,catalogue-public.json
pku-master-cn-2026-00003,力学与工程科学学院 — 2026 Chinese master catalogue,https://admission.pku.edu.cn/zsxx/lxszs/lxszyml/2026/ss/zsml_ss_lxs_cn_00003.pdf,2026,2026-10-07,retrieved,catalogue-public.json
pku-master-cn-2026-00240,先进制造与机器人学院 — 2026 Chinese master catalogue,https://admission.pku.edu.cn/zsxx/lxszs/lxszyml/2026/ss/zsml_bs_lxs_cn_00240.pdf,2026,2026-10-07,broken_link_404,catalogue-public.json
pku-master-cn-2026-00127,环境科学与工程学院 — 2026 Chinese master catalogue,https://admission.pku.edu.cn/zsxx/lxszs/lxszyml/2026/ss/zsml_ss_lxs_cn_00127.pdf,2026,2026-10-07,retrieved,catalogue-public.json
pku-master-cn-2026-00232,材料科学与工程学院 — 2026 Chinese master catalogue,https://admission.pku.edu.cn/zsxx/lxszs/lxszyml/2026/ss/zsml_ss_lxs_cn_00232.pdf,2026,2026-10-07,retrieved,catalogue-public.json
pku-master-cn-2026-00020,中国语言文学系 — 2026 Chinese master catalogue,https://admission.pku.edu.cn/zsxx/lxszs/lxszyml/2026/ss/zsml_ss_lxs_cn_00020.pdf,2026,2026-10-07,retrieved,catalogue-public.json
pku-master-cn-2026-00021,历史学系 — 2026 Chinese master catalogue,https://admission.pku.edu.cn/zsxx/lxszs/lxszyml/2026/ss/zsml_ss_lxs_cn_00021.pdf,2026,2026-10-07,retrieved,catalogue-public.json
pku-master-cn-2026-00022,考古文博学院 — 2026 Chinese master catalogue,https://admission.pku.edu.cn/zsxx/lxszs/lxszyml/2026/ss/zsml_ss_lxs_cn_00022.pdf,2026,2026-10-07,retrieved,catalogue-public.json
pku-master-cn-2026-00023,哲学系（宗教学系） — 2026 Chinese master catalogue,https://admission.pku.edu.cn/zsxx/lxszs/lxszyml/2026/ss/zsml_ss_lxs_cn_00023.pdf,2026,2026-10-07,retrieved,catalogue-public.json
pku-master-cn-2026-00039,外国语学院 — 2026 Chinese master catalogue,https://admission.pku.edu.cn/zsxx/lxszs/lxszyml/2026/ss/zsml_ss_lxs_cn_00039.pdf,2026,2026-10-07,retrieved,catalogue-public.json
pku-master-cn-2026-00043,艺术学院 — 2026 Chinese master catalogue,https://admission.pku.edu.cn/zsxx/lxszs/lxszyml/2026/ss/zsml_ss_lxs_cn_00043.pdf,2026,2026-10-07,retrieved,catalogue-public.json
pku-master-cn-2026-00044,对外汉语教育学院 — 2026 Chinese master catalogue,https://admission.pku.edu.cn/zsxx/lxszs/lxszyml/2026/ss/zsml_ss_lxs_cn_00044.pdf,2026,2026-10-07,retrieved,catalogue-public.json
pku-master-cn-2026-00024,国际关系学院 — 2026 Chinese master catalogue,https://admission.pku.edu.cn/zsxx/lxszs/lxszyml/2026/ss/zsml_ss_lxs_cn_00024.pdf,2026,2026-10-07,retrieved,catalogue-public.json
pku-master-cn-2026-00029,法学院 — 2026 Chinese master catalogue,https://admission.pku.edu.cn/zsxx/lxszs/lxszyml/2026/ss/zsml_ss_lxs_cn_00029.pdf,2026,2026-10-07,retrieved,catalogue-public.json
pku-master-cn-2026-00030,信息管理系 — 2026 Chinese master catalogue,https://admission.pku.edu.cn/zsxx/lxszs/lxszyml/2026/ss/zsml_ss_lxs_cn_00030.pdf,2026,2026-10-07,retrieved,catalogue-public.json
pku-master-cn-2026-00031,社会学系 — 2026 Chinese master catalogue,https://admission.pku.edu.cn/zsxx/lxszs/lxszyml/2026/ss/zsml_ss_lxs_cn_00031.pdf,2026,2026-10-07,retrieved,catalogue-public.json
pku-master-cn-2026-00032,政府管理学院 — 2026 Chinese master catalogue,https://admission.pku.edu.cn/zsxx/lxszs/lxszyml/2026/ss/zsml_ss_lxs_cn_00032.pdf,2026,2026-10-07,retrieved,catalogue-public.json
pku-master-cn-2026-00040,马克思主义学院 — 2026 Chinese master catalogue,https://admission.pku.edu.cn/zsxx/lxszs/lxszyml/2026/ss/zsml_ss_lxs_cn_00040.pdf,2026,2026-10-07,retrieved,catalogue-public.json
pku-master-cn-2026-00067,教育学院 — 2026 Chinese master catalogue,https://admission.pku.edu.cn/zsxx/lxszs/lxszyml/2026/ss/zsml_ss_lxs_cn_00067.pdf,2026,2026-10-07,retrieved,catalogue-public.json
pku-master-cn-2026-00018,新闻与传播学院 — 2026 Chinese master catalogue,https://admission.pku.edu.cn/zsxx/lxszs/lxszyml/2026/ss/zsml_ss_lxs_cn_00018.pdf,2026,2026-10-07,retrieved,catalogue-public.json
pku-master-cn-2026-00041,体育教研部 — 2026 Chinese master catalogue,https://admission.pku.edu.cn/zsxx/lxszs/lxszyml/2026/ss/zsml_ss_lxs_cn_00041.pdf,2026,2026-10-07,retrieved,catalogue-public.json
pku-master-cn-2026-00025,经济学院 — 2026 Chinese master catalogue,https://admission.pku.edu.cn/zsxx/lxszs/lxszyml/2026/ss/zsml_ss_lxs_cn_00025.pdf,2026,2026-10-07,retrieved,catalogue-public.json
pku-master-cn-2026-00028,光华管理学院 — 2026 Chinese master catalogue,https://admission.pku.edu.cn/zsxx/lxszs/lxszyml/2026/ss/zsml_ss_lxs_cn_00028.pdf,2026,2026-10-07,retrieved,catalogue-public.json
pku-master-cn-2026-00068,人口研究所 — 2026 Chinese master catalogue,https://admission.pku.edu.cn/zsxx/lxszs/lxszyml/2026/ss/zsml_ss_lxs_cn_00068.pdf,2026,2026-10-07,retrieved,catalogue-public.json
pku-master-cn-2026-00062,国家发展研究院 — 2026 Chinese master catalogue,https://admission.pku.edu.cn/zsxx/lxszs/lxszyml/2026/ss/zsml_ss_lxs_cn_00062.pdf,2026,2026-10-07,retrieved,catalogue-public.json
pku-master-cn-2026-00084,前沿交叉学科研究院 — 2026 Chinese master catalogue,https://admission.pku.edu.cn/zsxx/lxszs/lxszyml/2026/ss/zsml_ss_lxs_cn_00084.pdf,2026,2026-10-07,retrieved,catalogue-public.json
pku-master-cn-2026-00206,新媒体研究院 — 2026 Chinese master catalogue,https://admission.pku.edu.cn/zsxx/lxszs/lxszyml/2026/ss/zsml_ss_lxs_cn_00206.pdf,2026,2026-10-07,retrieved,catalogue-public.json
pku-master-cn-2026-00047,深圳研究生院 — 2026 Chinese master catalogue,https://admission.pku.edu.cn/zsxx/lxszs/lxszyml/2026/ss/zsml_ss_lxs_cn_00047.pdf,2026,2026-10-07,retrieved,catalogue-public.json
pku-master-en-2026,PKU 2026 international master catalogue: English-taught,https://admission.pku.edu.cn/zsxx/lxszs/lxszyml/2026/ss/zsml_ss_lxs_en.html,2026,2026-10-07,retrieved,catalogue-public.json
pku-master-en-2026-00004,物理学院 — 2026 English master catalogue,https://admission.pku.edu.cn/zsxx/lxszs/lxszyml/2026/ss/zsml_ss_lxs_en_00004.pdf,2026,2026-10-07,retrieved,catalogue-public.json
pku-master-en-2026-00101,计算机学院 — 2026 English master catalogue,https://admission.pku.edu.cn/zsxx/lxszs/lxszyml/2026/ss/zsml_ss_lxs_en_00101.pdf,2026,2026-10-07,retrieved,catalogue-public.json
pku-master-en-2026-00127,环境科学与工程学院 — 2026 English master catalogue,https://admission.pku.edu.cn/zsxx/lxszs/lxszyml/2026/ss/zsml_ss_lxs_en_00127.pdf,2026,2026-10-07,retrieved,catalogue-public.json
pku-master-en-2026-00232,材料科学与工程学院 — 2026 English master catalogue,https://admission.pku.edu.cn/zsxx/lxszs/lxszyml/2026/ss/zsml_ss_lxs_en_00232.pdf,2026,2026-10-07,retrieved,catalogue-public.json
pku-master-en-2026-00024,国际关系学院 — 2026 English master catalogue,https://admission.pku.edu.cn/zsxx/lxszs/lxszyml/2026/ss/zsml_ss_lxs_en_00024.pdf,2026,2026-10-07,retrieved,catalogue-public.json
pku-master-en-2026-00029,法学院 — 2026 English master catalogue,https://admission.pku.edu.cn/zsxx/lxszs/lxszyml/2026/ss/zsml_ss_lxs_en_00029.pdf,2026,2026-10-07,retrieved,catalogue-public.json
pku-master-en-2026-00032,政府管理学院 — 2026 English master catalogue,https://admission.pku.edu.cn/zsxx/lxszs/lxszyml/2026/ss/zsml_ss_lxs_en_00032.pdf,2026,2026-10-07,retrieved,catalogue-public.json
pku-master-en-2026-00028,光华管理学院 — 2026 English master catalogue,https://admission.pku.edu.cn/zsxx/lxszs/lxszyml/2026/ss/zsml_ss_lxs_en_00028.pdf,2026,2026-10-07,retrieved,catalogue-public.json
pku-master-en-2026-00068,人口研究所 — 2026 English master catalogue,https://admission.pku.edu.cn/zsxx/lxszs/lxszyml/2026/ss/zsml_ss_lxs_en_00068.pdf,2026,2026-10-07,retrieved,catalogue-public.json
pku-master-en-2026-00208,燕京学堂 — 2026 English master catalogue,https://admission.pku.edu.cn/zsxx/lxszs/lxszyml/2026/ss/zsml_ss_lxs_en_00208.pdf,2026,2026-10-07,retrieved,catalogue-public.json
pku-master-en-2026-00206,新媒体研究院 — 2026 English master catalogue,https://admission.pku.edu.cn/zsxx/lxszs/lxszyml/2026/ss/zsml_ss_lxs_en_00206.pdf,2026,2026-10-07,retrieved,catalogue-public.json
pku-master-en-2026-00047,深圳研究生院 — 2026 English master catalogue,https://admission.pku.edu.cn/zsxx/lxszs/lxszyml/2026/ss/zsml_ss_lxs_en_00047.pdf,2026,2026-10-07,retrieved,catalogue-public.json
thu-undergraduate-divisions,Tsinghua international undergraduate divisions and colleges,https://international.join-tsinghua.edu.cn/Divisions1.htm,null,2026-10-07,retrieved,catalogue-public.json
thu-undergraduate-gtes-2027,Global Talents in Science and Engineering Program — 2027 admission guide,https://international.join-tsinghua.edu.cn/info/1082/1185.htm,2027,2026-10-07,retrieved,catalogue-public.json
thu-undergraduate-urd-2027,Urban Regeneration and Design Program — 2027 admission guide,https://international.join-tsinghua.edu.cn/info/1082/1184.htm,2027,2026-10-07,retrieved,catalogue-public.json
thu-undergraduate-pes-2027,"Politics, Economics and Sociology for Global Leaders in Smart Society Program — 2027 admission guide",https://international.join-tsinghua.edu.cn/info/1082/1183.htm,2027,2026-10-07,retrieved,catalogue-public.json
pku-undergraduate-2026-notice,PKU 2026 international undergraduate entrance examination admissions,https://www.isd.pku.edu.cn/en/detail.php?id=818,2026,2026-10-07,retrieved,catalogue-public.json
pku-undergraduate-departments,PKU international undergraduate admission departments and major directions,https://www.isd.pku.edu.cn/cn/detail.php?id=529,2026,2026-10-07,retrieved,catalogue-public.json
sjtu-m-cn,Shanghai Jiao Tong University 2026 international master catalogue (Chinese-taught),https://isc.sjtu.edu.cn/kindeditor/Upload/file/20251024/20251024112608_3348.pdf,2026,2026-10-07,2026 catalogue; prior intake,catalogue-expanded-public.json
sjtu-m-en,Shanghai Jiao Tong University 2026 international master catalogue (English-taught),https://isc.sjtu.edu.cn/kindeditor/Upload/file/20251024/20251024112635_7822.pdf,2026,2026-10-07,2026 catalogue; prior intake,catalogue-expanded-public.json
sjtu-ug-cn,Shanghai Jiao Tong University 2026 international undergraduate catalogue (Chinese-taught),https://isc.sjtu.edu.cn/kindeditor/Upload/file/20251124/20251124162925_6451.pdf,2026,2026-10-07,2026 catalogue; prior intake,catalogue-expanded-public.json
zju-m-cn,Zhejiang University 2026 international master catalogue (Chinese-taught),https://iczu.zju.edu.cn/_upload/article/files/32/c1/d48dfe1349279755c872b98ce7e1/d465a621-a100-4371-b988-bf55b6704763.pdf,2026,2026-10-07,2026 catalogue; prior intake,catalogue-expanded-public.json
zju-m-en,Zhejiang University 2026 international master catalogue (English-taught),https://iczu.zju.edu.cn/_upload/article/files/32/c1/d48dfe1349279755c872b98ce7e1/aae5a919-1f07-4115-bb1c-db41ea36e1b0.pdf,2026,2026-10-07,2026 catalogue; prior intake,catalogue-expanded-public.json
zju-ug-cn,Zhejiang University 2026 international undergraduate catalogue (Chinese-taught),https://iczu.zju.edu.cn/_upload/article/files/e7/8c/1be7b2df433fb9427df707571d84/3300a725-ca29-443b-845f-8c1a3c15c929.pdf,2026,2026-10-07,2026 catalogue; prior intake,catalogue-expanded-public.json
zju-ug-en,Zhejiang University 2026 international undergraduate catalogue (English-taught),https://iczu.zju.edu.cn/_upload/article/files/e7/8c/1be7b2df433fb9427df707571d84/f8f1cb33-05a5-4fec-a602-3eac6caf8e14.pdf,2026,2026-10-07,2026 catalogue; prior intake,catalogue-expanded-public.json
fudan-ug-cn,Fudan University 2026 international undergraduate catalogue (Chinese-taught),https://iso.fudan.edu.cn/_upload/article/files/bd/21/c69e98d5483e91d05f3c278f4cca/89b78b35-1ba5-42b2-bd16-1d6a352da800.xlsx,2026,2026-10-07,2026 catalogue; prior intake,catalogue-expanded-public.json
fudan-ug-en,Fudan University 2026 international undergraduate catalogue (English-taught),https://iso.fudan.edu.cn/_upload/article/files/44/63/7f95ce7f43ba893d49b9d8127ac5/21e4e31c-3c5e-4488-ae63-322dda408127.pdf,2026,2026-10-07,2026 catalogue; prior intake,catalogue-expanded-public.json
fudan-m-cn,Fudan University 2026 international master catalogue (Chinese-taught),https://iso.fudan.edu.cn/_upload/article/files/3c/15/bb921fc24d0e82871d80687d0c58/9a2202e9-fbbb-4a26-8e8e-648a8de188cc.xlsx,2026,2026-10-07,2026 catalogue; prior intake,catalogue-expanded-public.json
fudan-m-en,Fudan University 2026 international master catalogue (English-taught),https://iso.fudan.edu.cn/_upload/article/files/96/93/393497e64702a45ce909fab6e0c2/d156f4a1-99b7-4cd3-a925-e15ebb550c1f.xls,2026,2026-10-07,2026 catalogue; prior intake,catalogue-expanded-public.json
sjtu-ug-en-2027,2027 SJTU Undergraduate Engineering Cluster Program in English for International Students,https://isc.sjtu.edu.cn/CN/show.aspx?flag=100&info_id=153&info_lb=205,2027,2026-10-07,2027 intake verified,catalogue-expanded-public.json
fudan-m-2027,Admission Information on 2027 Fudan School of Management Master Program,https://www.fdsm.fudan.edu.cn/upec/2026/0904/c2660a37229/page.htm,2027,2026-10-07,2027 intake verified,catalogue-expanded-public.json
sjtu-m-index,SJTU international graduate programme catalogue index,https://isc.sjtu.edu.cn/cn/content.aspx?flag=63&info_lb=216,2026,2026-10-07,2026 catalogue; prior intake,catalogue-expanded-public.json
sjtu-ug-guide,SJTU 2026 international Chinese-taught undergraduate admission guide,https://isc.sjtu.edu.cn/CN/show.aspx?flag=100&info_id=1671&info_lb=133,2026,2026-10-07,2026 catalogue; prior intake,catalogue-expanded-public.json
zju-m-guide,Zhejiang University 2026 international master admission guide,https://iczu.zju.edu.cn/admissionsen/2024/1030/c68989a2981849/page.htm,2026,2026-10-07,2026 catalogue; prior intake,catalogue-expanded-public.json
zju-ug-guide,Zhejiang University 2026 international undergraduate admission guide,https://iczu.zju.edu.cn/admissionsen/2024/1030/c68988a2981659/page.htm,2026,2026-10-07,2026 catalogue; prior intake,catalogue-expanded-public.json
fudan-m-index,Fudan international graduate programme index,https://iso.fudan.edu.cn/16063/list.htm,2026,2026-10-07,2026 catalogue; prior intake,catalogue-expanded-public.json
fudan-ug-index,Fudan international undergraduate programme index,https://iso.fudan.edu.cn/isoenglish/51327/list.htm,2026,2026-10-07,2026 catalogue; prior intake,catalogue-expanded-public.json
ustc-ug-2026,USTC International Undergraduate Programs 2026,https://ic.ustc.edu.cn/wp-content/uploads/2025/04/%E6%9C%AC%E7%A7%91%E6%8B%9B%E7%94%9F%E4%B8%93%E4%B8%9A%E7%9B%AE%E5%BD%95-2.pdf,2026,2026-10-07,Historical 2026 catalogue; year is explicit in the PDF title.,catalogue-ustc-nanjing-public.json
ustc-master-cn-2026,USTC International Master Programs in Chinese 2026,https://ic.ustc.edu.cn/wp-content/uploads/2025/04/%E7%A1%95%E5%A3%AB%E7%A0%94%E7%A9%B6%E7%94%9F%E9%A1%B9%E7%9B%AE%EF%BC%88%E6%B1%89%E8%AF%AD%E6%8E%88%E8%AF%BE%EF%BC%89%E5%88%97%E8%A1%A8-1.pdf,2026,2026-10-07,Historical 2026 Chinese-taught catalogue; year is explicit in the PDF title.,catalogue-ustc-nanjing-public.json
ustc-master-en-2026,USTC International Master Programs in English 2026,https://ic.ustc.edu.cn/wp-content/uploads/2025/04/%E7%A1%95%E5%A3%AB%E7%A0%94%E7%A9%B6%E7%94%9F%E9%A1%B9%E7%9B%AE%EF%BC%88%E8%8B%B1%E8%AF%AD%E6%8E%88%E8%AF%BE%EF%BC%89%E5%88%97%E8%A1%A8-1.pdf,2026,2026-10-07,Historical 2026 English-taught catalogue; year is explicit in the PDF title.,catalogue-ustc-nanjing-public.json
ustc-ug-guide,USTC international undergraduate admission guide,https://ic.ustc.edu.cn/?abroad=%E6%A6%82%E5%86%B5,2026,2026-10-07,Linked guide gives the 2026 application cycle and Chinese instruction.,catalogue-ustc-nanjing-public.json
ustc-master-guide,USTC international master admission guide,https://ic.ustc.edu.cn/?abroad=58,2026,2026-10-07,Linked guide gives the 2026 application cycle. General programme totals are not the counting unit used here.,catalogue-ustc-nanjing-public.json
nju-ug-2027,Nanjing University Catalog of Undergraduate Programs 2027,https://hwxy.nju.edu.cn/DFS/file/2026/09/16/20260916100252482kuny5s.pdf,2027,2026-10-07,2027 is explicit in the PDF title; all programmes and CSCA test language are Chinese.,catalogue-ustc-nanjing-public.json
nju-ug-index,Nanjing University undergraduate catalogue index,https://hwxy.nju.edu.cn/lxnd/zsxx/bkxm/zyml/index.html,2027,2026-10-07,Index embeds the 2027 undergraduate PDF.,catalogue-ustc-nanjing-public.json
nju-master-latest,Nanjing University international master programme catalogue,https://hwxy.nju.edu.cn/DFS/file/2026/09/14/202609141630322931phdvc.pdf,null,2026-10-07,Latest PDF linked by the September 2026 index. The PDF does not state an intake year.,catalogue-ustc-nanjing-public.json
nju-master-index,Nanjing University master catalogue index,https://hwxy.nju.edu.cn/lxnd/zsxx/ssxm/zyml/index.html,null,2026-10-07,Published 14 September 2026; links the undated master programme PDF.,catalogue-ustc-nanjing-public.json
nju-master-guide,Nanjing University master application guide,https://hwxy.nju.edu.cn/lxnd/zsxx/ssxm/sbzn/index.html,2027,2026-10-07,"Published 14 September 2026; refers to pending graduates finishing by July 2027. This is context, not an explicit intake label in the catalogue PDF.",catalogue-ustc-nanjing-public.json
xjtu-ug-2026,Xi’an Jiaotong University 2026 International Student Undergraduate Admission Program List & CSCA Subjects,https://sie.xjtu.edu.cn/en/CS2026.xlsx,2026,2026-10-07,Year explicitly stated in workbook title; historical intake.,catalogue-xjtu-hit-public.json
xjtu-master-2026,Xi’an Jiaotong University 2026 International Student Admission Program List (Master),https://sie.xjtu.edu.cn/en/2026master.xlsx,2026,2026-10-07,Year explicitly stated in workbook title; historical intake.,catalogue-xjtu-hit-public.json
xjtu-ug-index,XJTU international bachelor programme index,https://sie.xjtu.edu.cn/en/Programs/Degree_Program.htm,null,2026-10-07,Current official index links the 2026 catalogue and separate programme notices.,catalogue-xjtu-hit-public.json
xjtu-master-index,XJTU international master programme index,https://sie.xjtu.edu.cn/en/Programs/Degree_Program/Master_Program.htm,null,2026-10-07,Current official index links the 2026 master workbook.,catalogue-xjtu-hit-public.json
xjtu-ug-guide-2026,XJTU international undergraduate admission guide 2026,https://sie.xjtu.edu.cn/en/info/1119/2943.htm,2026,2026-10-07,Historical 2026 admission guide; no 2027 central guide verified.,catalogue-xjtu-hit-public.json
xjtu-master-guide-2026,XJTU International Postgraduate Programs 2026,https://sie.xjtu.edu.cn/en/info/1224/2948.htm,2026,2026-10-07,Historical 2026 admission guide; medical language rules need separate attention.,catalogue-xjtu-hit-public.json
xjtu-bds-2026,2026 Stomatology Program for International Undergraduate Students,https://sie.xjtu.edu.cn/en/info/1119/3111.htm,2026,2026-10-07,Separate BDS notice published 30 April 2026; application period ended 30 June 2026.,catalogue-xjtu-hit-public.json
hit-ug-2026-2027,HIT 2026/2027 Bachelor’s Degree Program Major Lists & CSCA Subjects,https://studyathit.hit.edu.cn/_upload/article/files/96/2d/cc4244394e8f9d67e13e22595fe3/aae8fc6b-2fb7-4847-a1d3-545348cc1433.xls,2026/2027 academic year,2026-10-07,"Workbook explicitly labels the academic year 2026/2027. The linked guide specifies September 2026 admission, not a verified 2027 intake.",catalogue-xjtu-hit-public.json
hit-master-cn-latest,HIT Master’s Degree Programs (Chinese-taught),https://studyathit.hit.edu.cn/_upload/article/files/6b/4e/c1b3b17942fe87fdd80b42bb5859/c67b3984-d3a7-4d03-a312-ca81d39bbf3b.xlsx,null,2026-10-07,Undated workbook currently linked by the official guide; linked guide’s deadline is for September 2026.,catalogue-xjtu-hit-public.json
hit-master-en-latest,HIT Master’s Degree Programs (English-taught),https://studyathit.hit.edu.cn/_upload/article/files/6b/4e/c1b3b17942fe87fdd80b42bb5859/ec80f4d7-c742-41e6-baa7-6de22d081230.xlsx,null,2026-10-07,Undated workbook currently linked by the official guide; linked guide’s deadline is for September 2026.,catalogue-xjtu-hit-public.json
hit-ug-guide,HIT international bachelor admission guide,https://studyathit.hit.edu.cn/18358/list.htm,2026,2026-10-07,"Current page retains September 2026 intake and July 15, 2026 deadline; English classes require at least 20 students.",catalogue-xjtu-hit-public.json
hit-master-guide,HIT international master admission guide,https://studyathit.hit.edu.cn/18359/list.htm,2026,2026-10-07,"Current page retains September 2026 intake and May 31, 2026 deadline; this does not date the attached workbooks.",catalogue-xjtu-hit-public.json
