Stage,Planning question,Your notes,Official source or next check
Choose a route,"Intended university, programme, campus, degree and intake",,
Choose a route,Qualification route and applicant-status question to confirm,,
Choose school subjects,Programme-specific subject requirements and school options,,
Language planning,Teaching and assessment languages,,
Language planning,"Accepted evidence, waiver conditions and validity period",,
Academic evidence,"Reports, achieved results and expected result dates",,
Academic evidence,Required entrance tests and accepted substitutes for this exact route,,
School coordination,"Predicted grades, references and transcripts to request",,
Experience,"A real project or activity: contribution, learning and evidence",,
Budget,"Tuition, accommodation, living, travel, insurance and external costs",,
Application year,"Current official notice URL, entry year and source-check date",,
Application year,"Admission, scholarship and assessment deadlines with time zone",,
Application year,Ambiguous or conflicting requirement to ask the university,,
After offer,Institution instructions and relevant immigration jurisdiction,,
Adviser comparison,"Work needed, adviser expertise and scope to confirm",,
Adviser comparison,"Fees, responsibilities, privacy, cancellation and refund terms",,
Privacy,Keep private records securely; do not include IDs or passport scans here,,
